asset,timeframe,n_top_strategies,signal_shifts,Total Return,Annualized Return,Volatility,Sharpe Ratio,Sortino Ratio,Calmar Ratio,Maximum Drawdown,Win Rate,Total Trades,Profit Factor,Average Win,Average Loss,report_url
BTC/USDT,1d,3,[0],-70.60%,-91.43%,N/A in bt,-5.68,N/A in bt,N/A in bt,70.94%,5.45%,55,0.16,4382.30,-1633.37,C:\Users\Rakesh jha\Vipul\EnsembleTA\results\ensemble_strategy_BTCUSDT_1d_top3_shifts0.html
BTC/USDT,1d,3,[1],-71.12%,-91.73%,N/A in bt,-6.62,N/A in bt,N/A in bt,71.12%,3.70%,54,0.10,3790.38,-1534.58,C:\Users\Rakesh jha\Vipul\EnsembleTA\results\ensemble_strategy_BTCUSDT_1d_top3_shifts1.html
BTC/USDT,1d,3,[2],-68.86%,-90.38%,N/A in bt,-5.61,N/A in bt,N/A in bt,68.86%,4.65%,43,0.11,4227.07,-1924.34,C:\Users\Rakesh jha\Vipul\EnsembleTA\results\ensemble_strategy_BTCUSDT_1d_top3_shifts2.html
BTC/USDT,1d,3,"[0, 1]",-70.60%,-91.43%,N/A in bt,-5.68,N/A in bt,N/A in bt,70.94%,5.45%,55,0.16,4382.30,-1633.37,C:\Users\Rakesh jha\Vipul\EnsembleTA\results\ensemble_strategy_BTCUSDT_1d_top3_shifts0_1.html
BTC/USDT,1d,3,"[0, 1, 2]",-70.60%,-91.43%,N/A in bt,-5.68,N/A in bt,N/A in bt,70.94%,5.45%,55,0.16,4382.30,-1633.37,C:\Users\Rakesh jha\Vipul\EnsembleTA\results\ensemble_strategy_BTCUSDT_1d_top3_shifts0_1_2.html
BTC/USDT,1d,5,[0],-70.03%,-91.09%,N/A in bt,-5.33,N/A in bt,N/A in bt,70.37%,7.27%,55,0.16,3240.89,-1650.76,C:\Users\Rakesh jha\Vipul\EnsembleTA\results\ensemble_strategy_BTCUSDT_1d_top5_shifts0.html
BTC/USDT,1d,5,[1],-74.96%,-93.79%,N/A in bt,-7.48,N/A in bt,N/A in bt,74.96%,1.72%,58,0.06,4568.48,-1413.38,C:\Users\Rakesh jha\Vipul\EnsembleTA\results\ensemble_strategy_BTCUSDT_1d_top5_shifts1.html
BTC/USDT,1d,5,[2],-79.50%,-95.84%,N/A in bt,-10.06,N/A in bt,N/A in bt,79.50%,0.00%,53,0.00,0.00,-1524.55,C:\Users\Rakesh jha\Vipul\EnsembleTA\results\ensemble_strategy_BTCUSDT_1d_top5_shifts2.html
BTC/USDT,1d,5,"[0, 1]",-70.03%,-91.09%,N/A in bt,-5.33,N/A in bt,N/A in bt,70.37%,7.27%,55,0.16,3240.89,-1650.76,C:\Users\Rakesh jha\Vipul\EnsembleTA\results\ensemble_strategy_BTCUSDT_1d_top5_shifts0_1.html
BTC/USDT,1d,5,"[0, 1, 2]",-70.03%,-91.09%,N/A in bt,-5.33,N/A in bt,N/A in bt,70.37%,7.27%,55,0.16,3240.89,-1650.76,C:\Users\Rakesh jha\Vipul\EnsembleTA\results\ensemble_strategy_BTCUSDT_1d_top5_shifts0_1_2.html
BTC/USDT,1d,7,[0],-62.90%,-86.33%,N/A in bt,-4.47,N/A in bt,N/A in bt,63.33%,6.25%,48,0.24,6444.10,-1856.19,C:\Users\Rakesh jha\Vipul\EnsembleTA\results\ensemble_strategy_BTCUSDT_1d_top7_shifts0.html
BTC/USDT,1d,7,[1],-70.62%,-91.44%,N/A in bt,-6.58,N/A in bt,N/A in bt,70.62%,5.36%,56,0.12,3202.55,-1534.30,C:\Users\Rakesh jha\Vipul\EnsembleTA\results\ensemble_strategy_BTCUSDT_1d_top7_shifts1.html
BTC/USDT,1d,7,[2],-81.22%,-96.51%,N/A in bt,-10.61,N/A in bt,N/A in bt,81.22%,0.00%,59,0.00,0.00,-1396.78,C:\Users\Rakesh jha\Vipul\EnsembleTA\results\ensemble_strategy_BTCUSDT_1d_top7_shifts2.html
BTC/USDT,1d,7,"[0, 1]",-62.90%,-86.33%,N/A in bt,-4.47,N/A in bt,N/A in bt,63.33%,6.25%,48,0.24,6444.10,-1856.19,C:\Users\Rakesh jha\Vipul\EnsembleTA\results\ensemble_strategy_BTCUSDT_1d_top7_shifts0_1.html
BTC/USDT,1d,7,"[0, 1, 2]",-62.90%,-86.33%,N/A in bt,-4.47,N/A in bt,N/A in bt,63.33%,6.25%,48,0.24,6444.10,-1856.19,C:\Users\Rakesh jha\Vipul\EnsembleTA\results\ensemble_strategy_BTCUSDT_1d_top7_shifts0_1_2.html
BTC/USDT,1wk,3,[0],-19.48%,-35.26%,N/A in bt,-4.11,N/A in bt,N/A in bt,25.92%,16.67%,6,0.18,3700.22,-5040.92,C:\Users\Rakesh jha\Vipul\EnsembleTA\results\ensemble_strategy_BTCUSDT_1wk_top3_shifts0.html
BTC/USDT,1wk,3,[1],-44.23%,-69.03%,N/A in bt,-7.49,N/A in bt,N/A in bt,47.36%,0.00%,5,0.00,0.00,-6820.22,C:\Users\Rakesh jha\Vipul\EnsembleTA\results\ensemble_strategy_BTCUSDT_1wk_top3_shifts1.html
BTC/USDT,1wk,3,[2],-21.81%,-38.96%,N/A in bt,-2.98,N/A in bt,N/A in bt,26.03%,33.33%,3,0.97,5123.98,-5284.44,C:\Users\Rakesh jha\Vipul\EnsembleTA\results\ensemble_strategy_BTCUSDT_1wk_top3_shifts2.html
BTC/USDT,1wk,3,"[0, 1]",-19.48%,-35.26%,N/A in bt,-4.11,N/A in bt,N/A in bt,25.92%,16.67%,6,0.18,3700.22,-5040.92,C:\Users\Rakesh jha\Vipul\EnsembleTA\results\ensemble_strategy_BTCUSDT_1wk_top3_shifts0_1.html
BTC/USDT,1wk,3,"[0, 1, 2]",-19.48%,-35.26%,N/A in bt,-4.11,N/A in bt,N/A in bt,25.92%,16.67%,6,0.18,3700.22,-5040.92,C:\Users\Rakesh jha\Vipul\EnsembleTA\results\ensemble_strategy_BTCUSDT_1wk_top3_shifts0_1_2.html
BTC/USDT,1wk,5,[0],-19.48%,-35.26%,N/A in bt,-4.11,N/A in bt,N/A in bt,25.92%,16.67%,6,0.18,3700.22,-5040.92,C:\Users\Rakesh jha\Vipul\EnsembleTA\results\ensemble_strategy_BTCUSDT_1wk_top5_shifts0.html
BTC/USDT,1wk,5,[1],-44.61%,-69.44%,N/A in bt,-7.85,N/A in bt,N/A in bt,44.61%,0.00%,4,0.00,0.00,-11152.65,C:\Users\Rakesh jha\Vipul\EnsembleTA\results\ensemble_strategy_BTCUSDT_1wk_top5_shifts1.html
BTC/USDT,1wk,5,[2],0.41%,0.83%,N/A in bt,0.44,N/A in bt,N/A in bt,23.92%,33.33%,3,5.46,28847.09,-5284.44,C:\Users\Rakesh jha\Vipul\EnsembleTA\results\ensemble_strategy_BTCUSDT_1wk_top5_shifts2.html
BTC/USDT,1wk,5,"[0, 1]",-19.48%,-35.26%,N/A in bt,-4.11,N/A in bt,N/A in bt,25.92%,16.67%,6,0.18,3700.22,-5040.92,C:\Users\Rakesh jha\Vipul\EnsembleTA\results\ensemble_strategy_BTCUSDT_1wk_top5_shifts0_1.html
BTC/USDT,1wk,5,"[0, 1, 2]",-19.48%,-35.26%,N/A in bt,-4.11,N/A in bt,N/A in bt,25.92%,16.67%,6,0.18,3700.22,-5040.92,C:\Users\Rakesh jha\Vipul\EnsembleTA\results\ensemble_strategy_BTCUSDT_1wk_top5_shifts0_1_2.html
BTC/USDT,1wk,7,[0],-15.75%,-29.11%,N/A in bt,-3.26,N/A in bt,N/A in bt,25.66%,20.00%,5,0.38,7861.01,-6820.20,C:\Users\Rakesh jha\Vipul\EnsembleTA\results\ensemble_strategy_BTCUSDT_1wk_top7_shifts0.html
BTC/USDT,1wk,7,[1],-25.12%,-44.03%,N/A in bt,-3.78,N/A in bt,N/A in bt,29.88%,33.33%,3,0.50,2383.20,-4734.51,C:\Users\Rakesh jha\Vipul\EnsembleTA\results\ensemble_strategy_BTCUSDT_1wk_top7_shifts1.html
BTC/USDT,1wk,7,[2],-6.89%,-13.34%,N/A in bt,-0.45,N/A in bt,N/A in bt,23.92%,33.33%,3,3.76,19863.07,-5284.44,C:\Users\Rakesh jha\Vipul\EnsembleTA\results\ensemble_strategy_BTCUSDT_1wk_top7_shifts2.html
BTC/USDT,1wk,7,"[0, 1]",-15.75%,-29.11%,N/A in bt,-3.26,N/A in bt,N/A in bt,25.66%,20.00%,5,0.38,7861.01,-6820.20,C:\Users\Rakesh jha\Vipul\EnsembleTA\results\ensemble_strategy_BTCUSDT_1wk_top7_shifts0_1.html
BTC/USDT,1wk,7,"[0, 1, 2]",-15.75%,-29.11%,N/A in bt,-3.26,N/A in bt,N/A in bt,25.66%,20.00%,5,0.38,7861.01,-6820.20,C:\Users\Rakesh jha\Vipul\EnsembleTA\results\ensemble_strategy_BTCUSDT_1wk_top7_shifts0_1_2.html
BTC/USDT,1mo,3,[0],-2.02%,-4.76%,N/A in bt,-1.37,N/A in bt,N/A in bt,7.63%,0.00%,1,0.00,0.00,-2020.08,C:\Users\Rakesh jha\Vipul\EnsembleTA\results\ensemble_strategy_BTCUSDT_1mo_top3_shifts0.html
BTC/USDT,1mo,3,[1],-23.08%,-46.56%,N/A in bt,-11.01,N/A in bt,N/A in bt,23.08%,0.00%,1,inf,0.00,0.00,C:\Users\Rakesh jha\Vipul\EnsembleTA\results\ensemble_strategy_BTCUSDT_1mo_top3_shifts1.html
BTC/USDT,1mo,3,[2],-47.65%,-78.67%,N/A in bt,-13.82,N/A in bt,N/A in bt,47.65%,0.00%,1,0.00,0.00,-47647.42,C:\Users\Rakesh jha\Vipul\EnsembleTA\results\ensemble_strategy_BTCUSDT_1mo_top3_shifts2.html
BTC/USDT,1mo,3,"[0, 1]",0.00%,0.00%,N/A in bt,0.00,N/A in bt,N/A in bt,0.00%,0.00%,0,inf,0.00,0.00,C:\Users\Rakesh jha\Vipul\EnsembleTA\results\ensemble_strategy_BTCUSDT_1mo_top3_shifts0_1.html
BTC/USDT,1mo,3,"[0, 1, 2]",0.00%,0.00%,N/A in bt,0.00,N/A in bt,N/A in bt,0.00%,0.00%,0,inf,0.00,0.00,C:\Users\Rakesh jha\Vipul\EnsembleTA\results\ensemble_strategy_BTCUSDT_1mo_top3_shifts0_1_2.html
BTC/USDT,1mo,5,[0],-2.02%,-4.76%,N/A in bt,-1.37,N/A in bt,N/A in bt,7.63%,0.00%,1,0.00,0.00,-2020.08,C:\Users\Rakesh jha\Vipul\EnsembleTA\results\ensemble_strategy_BTCUSDT_1mo_top5_shifts0.html
BTC/USDT,1mo,5,[1],-23.08%,-46.56%,N/A in bt,-11.01,N/A in bt,N/A in bt,23.08%,0.00%,1,inf,0.00,0.00,C:\Users\Rakesh jha\Vipul\EnsembleTA\results\ensemble_strategy_BTCUSDT_1mo_top5_shifts1.html
BTC/USDT,1mo,5,[2],-47.65%,-78.67%,N/A in bt,-13.82,N/A in bt,N/A in bt,47.65%,0.00%,1,0.00,0.00,-47647.42,C:\Users\Rakesh jha\Vipul\EnsembleTA\results\ensemble_strategy_BTCUSDT_1mo_top5_shifts2.html
BTC/USDT,1mo,5,"[0, 1]",0.00%,0.00%,N/A in bt,0.00,N/A in bt,N/A in bt,0.00%,0.00%,0,inf,0.00,0.00,C:\Users\Rakesh jha\Vipul\EnsembleTA\results\ensemble_strategy_BTCUSDT_1mo_top5_shifts0_1.html
BTC/USDT,1mo,5,"[0, 1, 2]",0.00%,0.00%,N/A in bt,0.00,N/A in bt,N/A in bt,0.00%,0.00%,0,inf,0.00,0.00,C:\Users\Rakesh jha\Vipul\EnsembleTA\results\ensemble_strategy_BTCUSDT_1mo_top5_shifts0_1_2.html
BTC/USDT,1mo,7,[0],-2.02%,-4.76%,N/A in bt,-1.37,N/A in bt,N/A in bt,7.63%,0.00%,1,0.00,0.00,-2020.08,C:\Users\Rakesh jha\Vipul\EnsembleTA\results\ensemble_strategy_BTCUSDT_1mo_top7_shifts0.html
BTC/USDT,1mo,7,[1],-23.08%,-46.56%,N/A in bt,-11.01,N/A in bt,N/A in bt,23.08%,0.00%,1,inf,0.00,0.00,C:\Users\Rakesh jha\Vipul\EnsembleTA\results\ensemble_strategy_BTCUSDT_1mo_top7_shifts1.html
BTC/USDT,1mo,7,[2],-47.65%,-78.67%,N/A in bt,-13.82,N/A in bt,N/A in bt,47.65%,0.00%,1,0.00,0.00,-47647.42,C:\Users\Rakesh jha\Vipul\EnsembleTA\results\ensemble_strategy_BTCUSDT_1mo_top7_shifts2.html
BTC/USDT,1mo,7,"[0, 1]",0.00%,0.00%,N/A in bt,0.00,N/A in bt,N/A in bt,0.00%,0.00%,0,inf,0.00,0.00,C:\Users\Rakesh jha\Vipul\EnsembleTA\results\ensemble_strategy_BTCUSDT_1mo_top7_shifts0_1.html
BTC/USDT,1mo,7,"[0, 1, 2]",-15.67%,-33.43%,N/A in bt,-10.73,N/A in bt,N/A in bt,15.67%,0.00%,1,0.00,0.00,-15672.53,C:\Users\Rakesh jha\Vipul\EnsembleTA\results\ensemble_strategy_BTCUSDT_1mo_top7_shifts0_1_2.html
ETH/USDT,1d,3,[0],-83.98%,-97.46%,N/A in bt,-9.04,N/A in bt,N/A in bt,84.03%,3.17%,63,0.09,4123.77,-1533.52,C:\Users\Rakesh jha\Vipul\EnsembleTA\results\ensemble_strategy_ETHUSDT_1d_top3_shifts0.html
ETH/USDT,1d,3,[1],-49.85%,-74.97%,N/A in bt,-2.41,N/A in bt,N/A in bt,52.13%,25.00%,12,0.10,1844.72,-6859.70,C:\Users\Rakesh jha\Vipul\EnsembleTA\results\ensemble_strategy_ETHUSDT_1d_top3_shifts1.html
ETH/USDT,1d,3,[2],-35.07%,-57.97%,N/A in bt,-1.39,N/A in bt,N/A in bt,36.92%,27.27%,11,0.26,4080.55,-6662.15,C:\Users\Rakesh jha\Vipul\EnsembleTA\results\ensemble_strategy_ETHUSDT_1d_top3_shifts2.html
ETH/USDT,1d,3,"[0, 1]",-83.98%,-97.46%,N/A in bt,-9.04,N/A in bt,N/A in bt,84.03%,3.17%,63,0.09,4123.77,-1533.52,C:\Users\Rakesh jha\Vipul\EnsembleTA\results\ensemble_strategy_ETHUSDT_1d_top3_shifts0_1.html
ETH/USDT,1d,3,"[0, 1, 2]",-83.98%,-97.46%,N/A in bt,-9.04,N/A in bt,N/A in bt,84.03%,3.17%,63,0.09,4123.77,-1533.52,C:\Users\Rakesh jha\Vipul\EnsembleTA\results\ensemble_strategy_ETHUSDT_1d_top3_shifts0_1_2.html
ETH/USDT,1d,5,[0],-85.24%,-97.85%,N/A in bt,-9.21,N/A in bt,N/A in bt,85.30%,3.17%,63,0.09,4256.37,-1559.33,C:\Users\Rakesh jha\Vipul\EnsembleTA\results\ensemble_strategy_ETHUSDT_1d_top5_shifts0.html
ETH/USDT,1d,5,[1],-39.60%,-63.64%,N/A in bt,-1.70,N/A in bt,N/A in bt,42.69%,36.36%,11,0.21,2568.47,-8209.30,C:\Users\Rakesh jha\Vipul\EnsembleTA\results\ensemble_strategy_ETHUSDT_1d_top5_shifts1.html
ETH/USDT,1d,5,[2],-44.57%,-69.40%,N/A in bt,-2.05,N/A in bt,N/A in bt,45.81%,18.75%,16,0.18,3320.85,-4627.18,C:\Users\Rakesh jha\Vipul\EnsembleTA\results\ensemble_strategy_ETHUSDT_1d_top5_shifts2.html
ETH/USDT,1d,5,"[0, 1]",-85.24%,-97.85%,N/A in bt,-9.21,N/A in bt,N/A in bt,85.30%,3.17%,63,0.09,4256.37,-1559.33,C:\Users\Rakesh jha\Vipul\EnsembleTA\results\ensemble_strategy_ETHUSDT_1d_top5_shifts0_1.html
ETH/USDT,1d,5,"[0, 1, 2]",-85.24%,-97.85%,N/A in bt,-9.21,N/A in bt,N/A in bt,85.30%,3.17%,63,0.09,4256.37,-1559.33,C:\Users\Rakesh jha\Vipul\EnsembleTA\results\ensemble_strategy_ETHUSDT_1d_top5_shifts0_1_2.html
ETH/USDT,1d,7,[0],-82.00%,-96.80%,N/A in bt,-8.06,N/A in bt,N/A in bt,82.06%,3.57%,56,0.10,4335.25,-1706.18,C:\Users\Rakesh jha\Vipul\EnsembleTA\results\ensemble_strategy_ETHUSDT_1d_top7_shifts0.html
ETH/USDT,1d,7,[1],-43.02%,-67.65%,N/A in bt,-1.95,N/A in bt,N/A in bt,45.12%,36.36%,11,0.19,2490.33,-8732.83,C:\Users\Rakesh jha\Vipul\EnsembleTA\results\ensemble_strategy_ETHUSDT_1d_top7_shifts1.html
ETH/USDT,1d,7,[2],-52.98%,-78.00%,N/A in bt,-2.64,N/A in bt,N/A in bt,54.03%,10.53%,19,0.14,4550.70,-3932.59,C:\Users\Rakesh jha\Vipul\EnsembleTA\results\ensemble_strategy_ETHUSDT_1d_top7_shifts2.html
ETH/USDT,1d,7,"[0, 1]",-82.00%,-96.80%,N/A in bt,-8.06,N/A in bt,N/A in bt,82.06%,3.57%,56,0.10,4335.25,-1706.18,C:\Users\Rakesh jha\Vipul\EnsembleTA\results\ensemble_strategy_ETHUSDT_1d_top7_shifts0_1.html
ETH/USDT,1d,7,"[0, 1, 2]",-82.00%,-96.80%,N/A in bt,-8.06,N/A in bt,N/A in bt,82.06%,3.57%,56,0.10,4335.25,-1706.18,C:\Users\Rakesh jha\Vipul\EnsembleTA\results\ensemble_strategy_ETHUSDT_1d_top7_shifts0_1_2.html
ETH/USDT,1wk,3,[0],-45.52%,-70.44%,N/A in bt,-9.71,N/A in bt,N/A in bt,45.52%,12.50%,8,0.07,3427.28,-6991.78,C:\Users\Rakesh jha\Vipul\EnsembleTA\results\ensemble_strategy_ETHUSDT_1wk_top3_shifts0.html
ETH/USDT,1wk,3,[1],-61.99%,-85.65%,N/A in bt,-12.31,N/A in bt,N/A in bt,63.57%,0.00%,5,0.00,0.00,-13543.74,C:\Users\Rakesh jha\Vipul\EnsembleTA\results\ensemble_strategy_ETHUSDT_1wk_top3_shifts1.html
ETH/USDT,1wk,3,[2],-33.42%,-55.79%,N/A in bt,-5.67,N/A in bt,N/A in bt,37.73%,16.67%,6,0.19,8071.62,-8297.37,C:\Users\Rakesh jha\Vipul\EnsembleTA\results\ensemble_strategy_ETHUSDT_1wk_top3_shifts2.html
ETH/USDT,1wk,3,"[0, 1]",-45.52%,-70.44%,N/A in bt,-9.71,N/A in bt,N/A in bt,45.52%,12.50%,8,0.07,3427.28,-6991.78,C:\Users\Rakesh jha\Vipul\EnsembleTA\results\ensemble_strategy_ETHUSDT_1wk_top3_shifts0_1.html
ETH/USDT,1wk,3,"[0, 1, 2]",-45.52%,-70.44%,N/A in bt,-9.71,N/A in bt,N/A in bt,45.52%,12.50%,8,0.07,3427.28,-6991.78,C:\Users\Rakesh jha\Vipul\EnsembleTA\results\ensemble_strategy_ETHUSDT_1wk_top3_shifts0_1_2.html
ETH/USDT,1wk,5,[0],-41.97%,-66.45%,N/A in bt,-8.52,N/A in bt,N/A in bt,43.13%,14.29%,7,0.10,4505.72,-7745.69,C:\Users\Rakesh jha\Vipul\EnsembleTA\results\ensemble_strategy_ETHUSDT_1wk_top5_shifts0.html
ETH/USDT,1wk,5,[1],-51.82%,-76.91%,N/A in bt,-7.68,N/A in bt,N/A in bt,55.00%,0.00%,5,0.00,0.00,-6030.38,C:\Users\Rakesh jha\Vipul\EnsembleTA\results\ensemble_strategy_ETHUSDT_1wk_top5_shifts1.html
ETH/USDT,1wk,5,[2],-34.98%,-57.85%,N/A in bt,-6.84,N/A in bt,N/A in bt,37.88%,16.67%,6,0.19,8071.62,-8610.53,C:\Users\Rakesh jha\Vipul\EnsembleTA\results\ensemble_strategy_ETHUSDT_1wk_top5_shifts2.html
ETH/USDT,1wk,5,"[0, 1]",-41.97%,-66.45%,N/A in bt,-8.52,N/A in bt,N/A in bt,43.13%,14.29%,7,0.10,4505.72,-7745.69,C:\Users\Rakesh jha\Vipul\EnsembleTA\results\ensemble_strategy_ETHUSDT_1wk_top5_shifts0_1.html
ETH/USDT,1wk,5,"[0, 1, 2]",-41.97%,-66.45%,N/A in bt,-8.52,N/A in bt,N/A in bt,43.13%,14.29%,7,0.10,4505.72,-7745.69,C:\Users\Rakesh jha\Vipul\EnsembleTA\results\ensemble_strategy_ETHUSDT_1wk_top5_shifts0_1_2.html
ETH/USDT,1wk,7,[0],-41.97%,-66.45%,N/A in bt,-8.52,N/A in bt,N/A in bt,43.13%,14.29%,7,0.10,4505.72,-7745.69,C:\Users\Rakesh jha\Vipul\EnsembleTA\results\ensemble_strategy_ETHUSDT_1wk_top7_shifts0.html
ETH/USDT,1wk,7,[1],-44.99%,-69.86%,N/A in bt,-7.65,N/A in bt,N/A in bt,47.93%,0.00%,5,0.00,0.00,-6030.38,C:\Users\Rakesh jha\Vipul\EnsembleTA\results\ensemble_strategy_ETHUSDT_1wk_top7_shifts1.html
ETH/USDT,1wk,7,[2],-30.07%,-51.21%,N/A in bt,-5.94,N/A in bt,N/A in bt,33.18%,16.67%,6,0.21,8071.62,-7627.36,C:\Users\Rakesh jha\Vipul\EnsembleTA\results\ensemble_strategy_ETHUSDT_1wk_top7_shifts2.html
ETH/USDT,1wk,7,"[0, 1]",-37.48%,-61.04%,N/A in bt,-7.17,N/A in bt,N/A in bt,43.14%,16.67%,6,0.13,5516.81,-8599.05,C:\Users\Rakesh jha\Vipul\EnsembleTA\results\ensemble_strategy_ETHUSDT_1wk_top7_shifts0_1.html
ETH/USDT,1wk,7,"[0, 1, 2]",-37.89%,-61.55%,N/A in bt,-7.55,N/A in bt,N/A in bt,43.13%,16.67%,6,0.11,4822.39,-8542.46,C:\Users\Rakesh jha\Vipul\EnsembleTA\results\ensemble_strategy_ETHUSDT_1wk_top7_shifts0_1_2.html
ETH/USDT,1mo,3,[0],0.27%,0.65%,N/A in bt,0.45,N/A in bt,N/A in bt,5.51%,100.00%,1,inf,271.54,0.00,C:\Users\Rakesh jha\Vipul\EnsembleTA\results\ensemble_strategy_ETHUSDT_1mo_top3_shifts0.html
ETH/USDT,1mo,3,[1],-20.65%,-42.44%,N/A in bt,-15.42,N/A in bt,N/A in bt,20.65%,0.00%,1,0.00,0.00,-20654.39,C:\Users\Rakesh jha\Vipul\EnsembleTA\results\ensemble_strategy_ETHUSDT_1mo_top3_shifts1.html
ETH/USDT,1mo,3,[2],-33.48%,-62.21%,N/A in bt,-14.98,N/A in bt,N/A in bt,33.48%,0.00%,1,0.00,0.00,-33475.13,C:\Users\Rakesh jha\Vipul\EnsembleTA\results\ensemble_strategy_ETHUSDT_1mo_top3_shifts2.html
ETH/USDT,1mo,3,"[0, 1]",-11.60%,-25.49%,N/A in bt,-11.18,N/A in bt,N/A in bt,11.60%,0.00%,1,0.00,0.00,-11596.75,C:\Users\Rakesh jha\Vipul\EnsembleTA\results\ensemble_strategy_ETHUSDT_1mo_top3_shifts0_1.html
ETH/USDT,1mo,3,"[0, 1, 2]",-11.60%,-25.49%,N/A in bt,-11.18,N/A in bt,N/A in bt,11.60%,0.00%,1,0.00,0.00,-11596.75,C:\Users\Rakesh jha\Vipul\EnsembleTA\results\ensemble_strategy_ETHUSDT_1mo_top3_shifts0_1_2.html
ETH/USDT,1mo,5,[0],0.27%,0.65%,N/A in bt,0.45,N/A in bt,N/A in bt,5.51%,100.00%,1,inf,271.54,0.00,C:\Users\Rakesh jha\Vipul\EnsembleTA\results\ensemble_strategy_ETHUSDT_1mo_top5_shifts0.html
ETH/USDT,1mo,5,[1],-20.65%,-42.44%,N/A in bt,-15.42,N/A in bt,N/A in bt,20.65%,0.00%,1,0.00,0.00,-20654.39,C:\Users\Rakesh jha\Vipul\EnsembleTA\results\ensemble_strategy_ETHUSDT_1mo_top5_shifts1.html
ETH/USDT,1mo,5,[2],-33.48%,-62.21%,N/A in bt,-14.98,N/A in bt,N/A in bt,33.48%,0.00%,1,0.00,0.00,-33475.13,C:\Users\Rakesh jha\Vipul\EnsembleTA\results\ensemble_strategy_ETHUSDT_1mo_top5_shifts2.html
ETH/USDT,1mo,5,"[0, 1]",-11.60%,-25.49%,N/A in bt,-11.18,N/A in bt,N/A in bt,11.60%,0.00%,1,0.00,0.00,-11596.75,C:\Users\Rakesh jha\Vipul\EnsembleTA\results\ensemble_strategy_ETHUSDT_1mo_top5_shifts0_1.html
ETH/USDT,1mo,5,"[0, 1, 2]",0.00%,0.00%,N/A in bt,0.00,N/A in bt,N/A in bt,0.00%,0.00%,0,inf,0.00,0.00,C:\Users\Rakesh jha\Vipul\EnsembleTA\results\ensemble_strategy_ETHUSDT_1mo_top5_shifts0_1_2.html
ETH/USDT,1mo,7,[0],0.27%,0.65%,N/A in bt,0.45,N/A in bt,N/A in bt,5.51%,100.00%,1,inf,271.54,0.00,C:\Users\Rakesh jha\Vipul\EnsembleTA\results\ensemble_strategy_ETHUSDT_1mo_top7_shifts0.html
ETH/USDT,1mo,7,[1],-20.65%,-42.44%,N/A in bt,-15.42,N/A in bt,N/A in bt,20.65%,0.00%,1,0.00,0.00,-20654.39,C:\Users\Rakesh jha\Vipul\EnsembleTA\results\ensemble_strategy_ETHUSDT_1mo_top7_shifts1.html
ETH/USDT,1mo,7,[2],-33.48%,-62.21%,N/A in bt,-14.98,N/A in bt,N/A in bt,33.48%,0.00%,1,0.00,0.00,-33475.13,C:\Users\Rakesh jha\Vipul\EnsembleTA\results\ensemble_strategy_ETHUSDT_1mo_top7_shifts2.html
ETH/USDT,1mo,7,"[0, 1]",-11.60%,-25.49%,N/A in bt,-11.18,N/A in bt,N/A in bt,11.60%,0.00%,1,0.00,0.00,-11596.75,C:\Users\Rakesh jha\Vipul\EnsembleTA\results\ensemble_strategy_ETHUSDT_1mo_top7_shifts0_1.html
ETH/USDT,1mo,7,"[0, 1, 2]",0.00%,0.00%,N/A in bt,0.00,N/A in bt,N/A in bt,0.00%,0.00%,0,inf,0.00,0.00,C:\Users\Rakesh jha\Vipul\EnsembleTA\results\ensemble_strategy_ETHUSDT_1mo_top7_shifts0_1_2.html
AAPL,1d,3,[0],-36.69%,-60.65%,N/A in bt,-4.70,N/A in bt,N/A in bt,36.69%,10.81%,37,0.25,2955.62,-1505.96,C:\Users\Rakesh jha\Vipul\EnsembleTA\results\ensemble_strategy_AAPL_1d_top3_shifts0.html
AAPL,1d,3,[1],-32.69%,-55.42%,N/A in bt,-4.39,N/A in bt,N/A in bt,34.12%,12.50%,8,0.01,427.83,-5213.10,C:\Users\Rakesh jha\Vipul\EnsembleTA\results\ensemble_strategy_AAPL_1d_top3_shifts1.html
AAPL,1d,3,[2],-41.04%,-65.97%,N/A in bt,-6.15,N/A in bt,N/A in bt,41.42%,11.76%,17,0.02,404.64,-2922.87,C:\Users\Rakesh jha\Vipul\EnsembleTA\results\ensemble_strategy_AAPL_1d_top3_shifts2.html
AAPL,1d,3,"[0, 1]",-36.69%,-60.65%,N/A in bt,-4.70,N/A in bt,N/A in bt,36.69%,10.81%,37,0.25,2955.62,-1505.95,C:\Users\Rakesh jha\Vipul\EnsembleTA\results\ensemble_strategy_AAPL_1d_top3_shifts0_1.html
AAPL,1d,3,"[0, 1, 2]",-36.69%,-60.65%,N/A in bt,-4.70,N/A in bt,N/A in bt,36.69%,10.81%,37,0.25,2955.62,-1505.95,C:\Users\Rakesh jha\Vipul\EnsembleTA\results\ensemble_strategy_AAPL_1d_top3_shifts0_1_2.html
AAPL,1d,5,[0],-36.18%,-60.00%,N/A in bt,-4.61,N/A in bt,N/A in bt,37.17%,11.11%,36,0.25,3027.65,-1547.33,C:\Users\Rakesh jha\Vipul\EnsembleTA\results\ensemble_strategy_AAPL_1d_top5_shifts0.html
AAPL,1d,5,[1],-31.58%,-53.91%,N/A in bt,-4.27,N/A in bt,N/A in bt,34.78%,7.69%,13,0.14,4774.74,-3135.27,C:\Users\Rakesh jha\Vipul\EnsembleTA\results\ensemble_strategy_AAPL_1d_top5_shifts1.html
AAPL,1d,5,[2],-47.56%,-73.21%,N/A in bt,-7.20,N/A in bt,N/A in bt,47.56%,6.25%,16,0.01,631.76,-3326.21,C:\Users\Rakesh jha\Vipul\EnsembleTA\results\ensemble_strategy_AAPL_1d_top5_shifts2.html
AAPL,1d,5,"[0, 1]",-36.18%,-60.00%,N/A in bt,-4.61,N/A in bt,N/A in bt,37.17%,11.11%,36,0.25,3027.64,-1547.33,C:\Users\Rakesh jha\Vipul\EnsembleTA\results\ensemble_strategy_AAPL_1d_top5_shifts0_1.html
AAPL,1d,5,"[0, 1, 2]",-36.18%,-60.00%,N/A in bt,-4.61,N/A in bt,N/A in bt,37.17%,11.11%,36,0.25,3027.64,-1547.33,C:\Users\Rakesh jha\Vipul\EnsembleTA\results\ensemble_strategy_AAPL_1d_top5_shifts0_1_2.html
AAPL,1d,7,[0],-34.30%,-57.57%,N/A in bt,-4.30,N/A in bt,N/A in bt,35.37%,11.43%,35,0.26,2965.55,-1527.75,C:\Users\Rakesh jha\Vipul\EnsembleTA\results\ensemble_strategy_AAPL_1d_top7_shifts0.html
AAPL,1d,7,[1],-33.90%,-57.04%,N/A in bt,-4.55,N/A in bt,N/A in bt,37.66%,0.00%,14,0.00,0.00,-2875.55,C:\Users\Rakesh jha\Vipul\EnsembleTA\results\ensemble_strategy_AAPL_1d_top7_shifts1.html
AAPL,1d,7,[2],-38.62%,-63.06%,N/A in bt,-5.31,N/A in bt,N/A in bt,41.23%,0.00%,10,0.00,0.00,-4510.09,C:\Users\Rakesh jha\Vipul\EnsembleTA\results\ensemble_strategy_AAPL_1d_top7_shifts2.html
AAPL,1d,7,"[0, 1]",-34.30%,-57.57%,N/A in bt,-4.30,N/A in bt,N/A in bt,35.37%,11.43%,35,0.26,2965.55,-1527.75,C:\Users\Rakesh jha\Vipul\EnsembleTA\results\ensemble_strategy_AAPL_1d_top7_shifts0_1.html
AAPL,1d,7,"[0, 1, 2]",-34.30%,-57.57%,N/A in bt,-4.30,N/A in bt,N/A in bt,35.37%,11.43%,35,0.26,2965.55,-1527.75,C:\Users\Rakesh jha\Vipul\EnsembleTA\results\ensemble_strategy_AAPL_1d_top7_shifts0_1_2.html
AAPL,1wk,3,[0],-31.64%,-54.79%,N/A in bt,-9.43,N/A in bt,N/A in bt,32.55%,0.00%,7,0.00,0.00,-5238.21,C:\Users\Rakesh jha\Vipul\EnsembleTA\results\ensemble_strategy_AAPL_1wk_top3_shifts0.html
AAPL,1wk,3,[1],-32.63%,-56.14%,N/A in bt,-11.27,N/A in bt,N/A in bt,33.52%,14.29%,7,0.04,1334.91,-6750.86,C:\Users\Rakesh jha\Vipul\EnsembleTA\results\ensemble_strategy_AAPL_1wk_top3_shifts1.html
AAPL,1wk,3,[2],-24.73%,-44.73%,N/A in bt,-6.18,N/A in bt,N/A in bt,25.23%,0.00%,6,0.00,0.00,-4965.86,C:\Users\Rakesh jha\Vipul\EnsembleTA\results\ensemble_strategy_AAPL_1wk_top3_shifts2.html
AAPL,1wk,3,"[0, 1]",-34.72%,-58.94%,N/A in bt,-11.02,N/A in bt,N/A in bt,35.59%,0.00%,7,0.00,0.00,-5753.71,C:\Users\Rakesh jha\Vipul\EnsembleTA\results\ensemble_strategy_AAPL_1wk_top3_shifts0_1.html
AAPL,1wk,3,"[0, 1, 2]",-31.64%,-54.79%,N/A in bt,-9.43,N/A in bt,N/A in bt,32.55%,0.00%,7,0.00,0.00,-5238.20,C:\Users\Rakesh jha\Vipul\EnsembleTA\results\ensemble_strategy_AAPL_1wk_top3_shifts0_1_2.html
AAPL,1wk,5,[0],-32.22%,-55.59%,N/A in bt,-9.67,N/A in bt,N/A in bt,32.55%,0.00%,7,0.00,0.00,-4602.45,C:\Users\Rakesh jha\Vipul\EnsembleTA\results\ensemble_strategy_AAPL_1wk_top5_shifts0.html
AAPL,1wk,5,[1],-32.63%,-56.14%,N/A in bt,-11.27,N/A in bt,N/A in bt,33.52%,14.29%,7,0.04,1334.90,-6750.86,C:\Users\Rakesh jha\Vipul\EnsembleTA\results\ensemble_strategy_AAPL_1wk_top5_shifts1.html
AAPL,1wk,5,[2],-24.73%,-44.73%,N/A in bt,-6.18,N/A in bt,N/A in bt,25.23%,0.00%,6,0.00,0.00,-4965.86,C:\Users\Rakesh jha\Vipul\EnsembleTA\results\ensemble_strategy_AAPL_1wk_top5_shifts2.html
AAPL,1wk,5,"[0, 1]",-31.01%,-53.93%,N/A in bt,-9.71,N/A in bt,N/A in bt,31.35%,0.00%,6,0.00,0.00,-5169.13,C:\Users\Rakesh jha\Vipul\EnsembleTA\results\ensemble_strategy_AAPL_1wk_top5_shifts0_1.html
AAPL,1wk,5,"[0, 1, 2]",-27.14%,-48.36%,N/A in bt,-7.98,N/A in bt,N/A in bt,28.11%,0.00%,6,0.00,0.00,-5383.26,C:\Users\Rakesh jha\Vipul\EnsembleTA\results\ensemble_strategy_AAPL_1wk_top5_shifts0_1_2.html
AAPL,1wk,7,[0],-31.64%,-54.79%,N/A in bt,-9.43,N/A in bt,N/A in bt,32.55%,0.00%,7,0.00,0.00,-5238.20,C:\Users\Rakesh jha\Vipul\EnsembleTA\results\ensemble_strategy_AAPL_1wk_top7_shifts0.html
AAPL,1wk,7,[1],-32.63%,-56.14%,N/A in bt,-11.27,N/A in bt,N/A in bt,33.52%,14.29%,7,0.04,1334.91,-6750.86,C:\Users\Rakesh jha\Vipul\EnsembleTA\results\ensemble_strategy_AAPL_1wk_top7_shifts1.html
AAPL,1wk,7,[2],-24.73%,-44.73%,N/A in bt,-6.18,N/A in bt,N/A in bt,25.23%,0.00%,6,0.00,0.00,-4965.85,C:\Users\Rakesh jha\Vipul\EnsembleTA\results\ensemble_strategy_AAPL_1wk_top7_shifts2.html
AAPL,1wk,7,"[0, 1]",-30.43%,-53.10%,N/A in bt,-9.46,N/A in bt,N/A in bt,31.35%,0.00%,6,0.00,0.00,-6042.59,C:\Users\Rakesh jha\Vipul\EnsembleTA\results\ensemble_strategy_AAPL_1wk_top7_shifts0_1.html
AAPL,1wk,7,"[0, 1, 2]",-25.68%,-46.18%,N/A in bt,-7.15,N/A in bt,N/A in bt,26.67%,0.00%,5,0.00,0.00,-6364.14,C:\Users\Rakesh jha\Vipul\EnsembleTA\results\ensemble_strategy_AAPL_1wk_top7_shifts0_1_2.html
AAPL,1mo,3,[0],-30.16%,-57.56%,N/A in bt,-24.61,N/A in bt,N/A in bt,30.16%,0.00%,2,0.00,0.00,-15082.41,C:\Users\Rakesh jha\Vipul\EnsembleTA\results\ensemble_strategy_AAPL_1mo_top3_shifts0.html
AAPL,1mo,3,[1],-13.00%,-28.28%,N/A in bt,-9.94,N/A in bt,N/A in bt,13.00%,0.00%,2,0.00,0.00,-10561.80,C:\Users\Rakesh jha\Vipul\EnsembleTA\results\ensemble_strategy_AAPL_1mo_top3_shifts1.html
AAPL,1mo,3,[2],-2.72%,-6.37%,N/A in bt,-7.16,N/A in bt,N/A in bt,2.72%,0.00%,1,inf,0.00,0.00,C:\Users\Rakesh jha\Vipul\EnsembleTA\results\ensemble_strategy_AAPL_1mo_top3_shifts2.html
AAPL,1mo,3,"[0, 1]",-27.95%,-54.27%,N/A in bt,-18.42,N/A in bt,N/A in bt,27.95%,0.00%,2,0.00,0.00,-13974.20,C:\Users\Rakesh jha\Vipul\EnsembleTA\results\ensemble_strategy_AAPL_1mo_top3_shifts0_1.html
AAPL,1mo,3,"[0, 1, 2]",-27.95%,-54.27%,N/A in bt,-18.42,N/A in bt,N/A in bt,27.95%,0.00%,2,0.00,0.00,-13974.21,C:\Users\Rakesh jha\Vipul\EnsembleTA\results\ensemble_strategy_AAPL_1mo_top3_shifts0_1_2.html
AAPL,1mo,5,[0],-30.16%,-57.56%,N/A in bt,-24.61,N/A in bt,N/A in bt,30.16%,0.00%,2,0.00,0.00,-15082.41,C:\Users\Rakesh jha\Vipul\EnsembleTA\results\ensemble_strategy_AAPL_1mo_top5_shifts0.html
AAPL,1mo,5,[1],-13.00%,-28.28%,N/A in bt,-9.94,N/A in bt,N/A in bt,13.00%,0.00%,2,0.00,0.00,-10561.79,C:\Users\Rakesh jha\Vipul\EnsembleTA\results\ensemble_strategy_AAPL_1mo_top5_shifts1.html
AAPL,1mo,5,[2],-2.72%,-6.37%,N/A in bt,-7.16,N/A in bt,N/A in bt,2.72%,0.00%,1,inf,0.00,0.00,C:\Users\Rakesh jha\Vipul\EnsembleTA\results\ensemble_strategy_AAPL_1mo_top5_shifts2.html
AAPL,1mo,5,"[0, 1]",-27.95%,-54.27%,N/A in bt,-18.42,N/A in bt,N/A in bt,27.95%,0.00%,2,0.00,0.00,-13974.21,C:\Users\Rakesh jha\Vipul\EnsembleTA\results\ensemble_strategy_AAPL_1mo_top5_shifts0_1.html
AAPL,1mo,5,"[0, 1, 2]",-17.29%,-36.44%,N/A in bt,-10.66,N/A in bt,N/A in bt,17.29%,0.00%,1,0.00,0.00,-17292.44,C:\Users\Rakesh jha\Vipul\EnsembleTA\results\ensemble_strategy_AAPL_1mo_top5_shifts0_1_2.html
AAPL,1mo,7,[0],-30.16%,-57.56%,N/A in bt,-24.61,N/A in bt,N/A in bt,30.16%,0.00%,2,0.00,0.00,-15082.41,C:\Users\Rakesh jha\Vipul\EnsembleTA\results\ensemble_strategy_AAPL_1mo_top7_shifts0.html
AAPL,1mo,7,[1],-13.00%,-28.28%,N/A in bt,-9.94,N/A in bt,N/A in bt,13.00%,0.00%,2,0.00,0.00,-10561.79,C:\Users\Rakesh jha\Vipul\EnsembleTA\results\ensemble_strategy_AAPL_1mo_top7_shifts1.html
AAPL,1mo,7,[2],-2.72%,-6.37%,N/A in bt,-7.16,N/A in bt,N/A in bt,2.72%,0.00%,1,inf,0.00,0.00,C:\Users\Rakesh jha\Vipul\EnsembleTA\results\ensemble_strategy_AAPL_1mo_top7_shifts2.html
AAPL,1mo,7,"[0, 1]",-10.56%,-23.39%,N/A in bt,-7.75,N/A in bt,N/A in bt,10.56%,0.00%,1,0.00,0.00,-10561.80,C:\Users\Rakesh jha\Vipul\EnsembleTA\results\ensemble_strategy_AAPL_1mo_top7_shifts0_1.html
AAPL,1mo,7,"[0, 1, 2]",0.00%,0.00%,N/A in bt,0.00,N/A in bt,N/A in bt,0.00%,0.00%,0,inf,0.00,0.00,C:\Users\Rakesh jha\Vipul\EnsembleTA\results\ensemble_strategy_AAPL_1mo_top7_shifts0_1_2.html
GOOG,1d,3,[0],-65.91%,-88.88%,N/A in bt,-10.30,N/A in bt,N/A in bt,66.00%,13.95%,43,0.05,550.11,-1921.05,C:\Users\Rakesh jha\Vipul\EnsembleTA\results\ensemble_strategy_GOOG_1d_top3_shifts0.html
GOOG,1d,3,[1],-58.19%,-83.13%,N/A in bt,-7.47,N/A in bt,N/A in bt,58.19%,0.00%,21,0.00,0.00,-2891.37,C:\Users\Rakesh jha\Vipul\EnsembleTA\results\ensemble_strategy_GOOG_1d_top3_shifts1.html
GOOG,1d,3,[2],-59.20%,-83.95%,N/A in bt,-8.59,N/A in bt,N/A in bt,60.20%,9.52%,42,0.10,1619.09,-1728.44,C:\Users\Rakesh jha\Vipul\EnsembleTA\results\ensemble_strategy_GOOG_1d_top3_shifts2.html
GOOG,1d,3,"[0, 1]",-65.91%,-88.88%,N/A in bt,-10.30,N/A in bt,N/A in bt,66.00%,13.95%,43,0.05,550.11,-1921.05,C:\Users\Rakesh jha\Vipul\EnsembleTA\results\ensemble_strategy_GOOG_1d_top3_shifts0_1.html
GOOG,1d,3,"[0, 1, 2]",-65.91%,-88.88%,N/A in bt,-10.30,N/A in bt,N/A in bt,66.00%,13.95%,43,0.05,550.11,-1921.05,C:\Users\Rakesh jha\Vipul\EnsembleTA\results\ensemble_strategy_GOOG_1d_top3_shifts0_1_2.html
GOOG,1d,5,[0],-63.20%,-86.99%,N/A in bt,-9.24,N/A in bt,N/A in bt,63.29%,17.07%,41,0.06,590.25,-2038.46,C:\Users\Rakesh jha\Vipul\EnsembleTA\results\ensemble_strategy_GOOG_1d_top5_shifts0.html
GOOG,1d,5,[1],-63.84%,-87.45%,N/A in bt,-8.01,N/A in bt,N/A in bt,63.84%,0.00%,20,0.00,0.00,-3343.46,C:\Users\Rakesh jha\Vipul\EnsembleTA\results\ensemble_strategy_GOOG_1d_top5_shifts1.html
GOOG,1d,5,[2],-58.33%,-83.24%,N/A in bt,-8.14,N/A in bt,N/A in bt,59.35%,11.63%,43,0.10,1277.03,-1702.99,C:\Users\Rakesh jha\Vipul\EnsembleTA\results\ensemble_strategy_GOOG_1d_top5_shifts2.html
GOOG,1d,5,"[0, 1]",-63.20%,-86.99%,N/A in bt,-9.24,N/A in bt,N/A in bt,63.29%,17.07%,41,0.06,590.25,-2038.46,C:\Users\Rakesh jha\Vipul\EnsembleTA\results\ensemble_strategy_GOOG_1d_top5_shifts0_1.html
GOOG,1d,5,"[0, 1, 2]",-63.20%,-86.99%,N/A in bt,-9.24,N/A in bt,N/A in bt,63.29%,17.07%,41,0.06,590.25,-2038.46,C:\Users\Rakesh jha\Vipul\EnsembleTA\results\ensemble_strategy_GOOG_1d_top5_shifts0_1_2.html
GOOG,1d,7,[0],-62.99%,-86.85%,N/A in bt,-9.24,N/A in bt,N/A in bt,62.99%,17.07%,41,0.06,597.13,-2026.40,C:\Users\Rakesh jha\Vipul\EnsembleTA\results\ensemble_strategy_GOOG_1d_top7_shifts0.html
GOOG,1d,7,[1],-56.58%,-81.77%,N/A in bt,-7.31,N/A in bt,N/A in bt,56.58%,0.00%,20,0.00,0.00,-2957.77,C:\Users\Rakesh jha\Vipul\EnsembleTA\results\ensemble_strategy_GOOG_1d_top7_shifts1.html
GOOG,1d,7,[2],-60.33%,-84.84%,N/A in bt,-8.91,N/A in bt,N/A in bt,61.31%,9.30%,43,0.08,1381.64,-1688.74,C:\Users\Rakesh jha\Vipul\EnsembleTA\results\ensemble_strategy_GOOG_1d_top7_shifts2.html
GOOG,1d,7,"[0, 1]",-62.99%,-86.85%,N/A in bt,-9.24,N/A in bt,N/A in bt,62.99%,17.07%,41,0.06,597.13,-2026.40,C:\Users\Rakesh jha\Vipul\EnsembleTA\results\ensemble_strategy_GOOG_1d_top7_shifts0_1.html
GOOG,1d,7,"[0, 1, 2]",-62.99%,-86.85%,N/A in bt,-9.24,N/A in bt,N/A in bt,62.99%,17.07%,41,0.06,597.13,-2026.40,C:\Users\Rakesh jha\Vipul\EnsembleTA\results\ensemble_strategy_GOOG_1d_top7_shifts0_1_2.html
GOOG,1wk,3,[0],-32.02%,-55.32%,N/A in bt,-5.83,N/A in bt,N/A in bt,35.34%,14.29%,7,0.02,840.30,-7111.73,C:\Users\Rakesh jha\Vipul\EnsembleTA\results\ensemble_strategy_GOOG_1wk_top3_shifts0.html
GOOG,1wk,3,[1],-20.02%,-37.27%,N/A in bt,-5.57,N/A in bt,N/A in bt,20.02%,12.50%,8,0.07,1495.25,-3478.10,C:\Users\Rakesh jha\Vipul\EnsembleTA\results\ensemble_strategy_GOOG_1wk_top3_shifts1.html
GOOG,1wk,3,[2],0.61%,1.28%,N/A in bt,0.36,N/A in bt,N/A in bt,11.81%,0.00%,1,inf,0.00,0.00,C:\Users\Rakesh jha\Vipul\EnsembleTA\results\ensemble_strategy_GOOG_1wk_top3_shifts2.html
GOOG,1wk,3,"[0, 1]",-32.02%,-55.32%,N/A in bt,-5.83,N/A in bt,N/A in bt,35.34%,14.29%,7,0.02,840.29,-7111.73,C:\Users\Rakesh jha\Vipul\EnsembleTA\results\ensemble_strategy_GOOG_1wk_top3_shifts0_1.html
GOOG,1wk,3,"[0, 1, 2]",-32.02%,-55.32%,N/A in bt,-5.83,N/A in bt,N/A in bt,35.34%,14.29%,7,0.02,840.29,-7111.73,C:\Users\Rakesh jha\Vipul\EnsembleTA\results\ensemble_strategy_GOOG_1wk_top3_shifts0_1_2.html
GOOG,1wk,5,[0],-32.48%,-55.94%,N/A in bt,-6.09,N/A in bt,N/A in bt,35.78%,14.29%,7,0.02,834.62,-7198.58,C:\Users\Rakesh jha\Vipul\EnsembleTA\results\ensemble_strategy_GOOG_1wk_top5_shifts0.html
GOOG,1wk,5,[1],-20.02%,-37.27%,N/A in bt,-5.57,N/A in bt,N/A in bt,20.02%,12.50%,8,0.07,1495.25,-3478.09,C:\Users\Rakesh jha\Vipul\EnsembleTA\results\ensemble_strategy_GOOG_1wk_top5_shifts1.html
GOOG,1wk,5,[2],5.13%,11.01%,N/A in bt,1.15,N/A in bt,N/A in bt,10.91%,0.00%,1,inf,0.00,0.00,C:\Users\Rakesh jha\Vipul\EnsembleTA\results\ensemble_strategy_GOOG_1wk_top5_shifts2.html
GOOG,1wk,5,"[0, 1]",-32.48%,-55.94%,N/A in bt,-6.09,N/A in bt,N/A in bt,35.78%,14.29%,7,0.02,834.65,-7198.59,C:\Users\Rakesh jha\Vipul\EnsembleTA\results\ensemble_strategy_GOOG_1wk_top5_shifts0_1.html
GOOG,1wk,5,"[0, 1, 2]",-32.48%,-55.94%,N/A in bt,-6.09,N/A in bt,N/A in bt,35.78%,14.29%,7,0.02,834.65,-7198.58,C:\Users\Rakesh jha\Vipul\EnsembleTA\results\ensemble_strategy_GOOG_1wk_top5_shifts0_1_2.html
GOOG,1wk,7,[0],-35.29%,-59.69%,N/A in bt,-7.56,N/A in bt,N/A in bt,38.45%,0.00%,7,0.00,0.00,-6310.09,C:\Users\Rakesh jha\Vipul\EnsembleTA\results\ensemble_strategy_GOOG_1wk_top7_shifts0.html
GOOG,1wk,7,[1],-19.37%,-36.20%,N/A in bt,-5.35,N/A in bt,N/A in bt,19.37%,14.29%,7,0.07,1495.26,-3478.10,C:\Users\Rakesh jha\Vipul\EnsembleTA\results\ensemble_strategy_GOOG_1wk_top7_shifts1.html
GOOG,1wk,7,[2],-31.40%,-54.47%,N/A in bt,-9.82,N/A in bt,N/A in bt,31.40%,0.00%,6,0.00,0.00,-5976.73,C:\Users\Rakesh jha\Vipul\EnsembleTA\results\ensemble_strategy_GOOG_1wk_top7_shifts2.html
GOOG,1wk,7,"[0, 1]",-35.29%,-59.69%,N/A in bt,-7.56,N/A in bt,N/A in bt,38.45%,0.00%,7,0.00,0.00,-6310.10,C:\Users\Rakesh jha\Vipul\EnsembleTA\results\ensemble_strategy_GOOG_1wk_top7_shifts0_1.html
GOOG,1wk,7,"[0, 1, 2]",-35.29%,-59.69%,N/A in bt,-7.56,N/A in bt,N/A in bt,38.45%,0.00%,7,0.00,0.00,-6310.09,C:\Users\Rakesh jha\Vipul\EnsembleTA\results\ensemble_strategy_GOOG_1wk_top7_shifts0_1_2.html
GOOG,1mo,3,[0],-21.19%,-43.35%,N/A in bt,-21.76,N/A in bt,N/A in bt,21.19%,0.00%,2,0.00,0.00,-10592.75,C:\Users\Rakesh jha\Vipul\EnsembleTA\results\ensemble_strategy_GOOG_1mo_top3_shifts0.html
GOOG,1mo,3,[1],-0.26%,-0.61%,N/A in bt,-0.08,N/A in bt,N/A in bt,4.40%,0.00%,1,0.00,0.00,-258.01,C:\Users\Rakesh jha\Vipul\EnsembleTA\results\ensemble_strategy_GOOG_1mo_top3_shifts1.html
GOOG,1mo,3,[2],-8.53%,-19.18%,N/A in bt,-7.12,N/A in bt,N/A in bt,8.53%,0.00%,1,inf,0.00,0.00,C:\Users\Rakesh jha\Vipul\EnsembleTA\results\ensemble_strategy_GOOG_1mo_top3_shifts2.html
GOOG,1mo,3,"[0, 1]",-21.19%,-43.35%,N/A in bt,-21.76,N/A in bt,N/A in bt,21.19%,0.00%,2,0.00,0.00,-10592.76,C:\Users\Rakesh jha\Vipul\EnsembleTA\results\ensemble_strategy_GOOG_1mo_top3_shifts0_1.html
GOOG,1mo,3,"[0, 1, 2]",-21.19%,-43.35%,N/A in bt,-21.76,N/A in bt,N/A in bt,21.19%,0.00%,2,0.00,0.00,-10592.76,C:\Users\Rakesh jha\Vipul\EnsembleTA\results\ensemble_strategy_GOOG_1mo_top3_shifts0_1_2.html
GOOG,1mo,5,[0],-21.19%,-43.35%,N/A in bt,-21.76,N/A in bt,N/A in bt,21.19%,0.00%,2,0.00,0.00,-10592.76,C:\Users\Rakesh jha\Vipul\EnsembleTA\results\ensemble_strategy_GOOG_1mo_top5_shifts0.html
GOOG,1mo,5,[1],-0.26%,-0.61%,N/A in bt,-0.08,N/A in bt,N/A in bt,4.40%,0.00%,1,0.00,0.00,-258.03,C:\Users\Rakesh jha\Vipul\EnsembleTA\results\ensemble_strategy_GOOG_1mo_top5_shifts1.html
GOOG,1mo,5,[2],-8.53%,-19.18%,N/A in bt,-7.12,N/A in bt,N/A in bt,8.53%,0.00%,1,inf,0.00,0.00,C:\Users\Rakesh jha\Vipul\EnsembleTA\results\ensemble_strategy_GOOG_1mo_top5_shifts2.html
GOOG,1mo,5,"[0, 1]",-21.19%,-43.35%,N/A in bt,-21.76,N/A in bt,N/A in bt,21.19%,0.00%,2,0.00,0.00,-10592.77,C:\Users\Rakesh jha\Vipul\EnsembleTA\results\ensemble_strategy_GOOG_1mo_top5_shifts0_1.html
GOOG,1mo,5,"[0, 1, 2]",-10.93%,-24.14%,N/A in bt,-10.98,N/A in bt,N/A in bt,11.01%,0.00%,1,0.00,0.00,-10929.23,C:\Users\Rakesh jha\Vipul\EnsembleTA\results\ensemble_strategy_GOOG_1mo_top5_shifts0_1_2.html
GOOG,1mo,7,[0],-21.19%,-43.35%,N/A in bt,-21.76,N/A in bt,N/A in bt,21.19%,0.00%,2,0.00,0.00,-10592.76,C:\Users\Rakesh jha\Vipul\EnsembleTA\results\ensemble_strategy_GOOG_1mo_top7_shifts0.html
GOOG,1mo,7,[1],-0.26%,-0.61%,N/A in bt,-0.08,N/A in bt,N/A in bt,4.40%,0.00%,1,0.00,0.00,-258.00,C:\Users\Rakesh jha\Vipul\EnsembleTA\results\ensemble_strategy_GOOG_1mo_top7_shifts1.html
GOOG,1mo,7,[2],-8.53%,-19.18%,N/A in bt,-7.12,N/A in bt,N/A in bt,8.53%,0.00%,1,inf,0.00,0.00,C:\Users\Rakesh jha\Vipul\EnsembleTA\results\ensemble_strategy_GOOG_1mo_top7_shifts2.html
GOOG,1mo,7,"[0, 1]",-21.19%,-43.35%,N/A in bt,-21.76,N/A in bt,N/A in bt,21.19%,0.00%,2,0.00,0.00,-10592.77,C:\Users\Rakesh jha\Vipul\EnsembleTA\results\ensemble_strategy_GOOG_1mo_top7_shifts0_1.html
GOOG,1mo,7,"[0, 1, 2]",0.00%,0.00%,N/A in bt,0.00,N/A in bt,N/A in bt,0.00%,0.00%,0,inf,0.00,0.00,C:\Users\Rakesh jha\Vipul\EnsembleTA\results\ensemble_strategy_GOOG_1mo_top7_shifts0_1_2.html
EURUSD=X,1d,3,[0],-17.61%,-32.65%,N/A in bt,-4.81,N/A in bt,N/A in bt,19.61%,8.70%,23,0.01,49.82,-904.51,C:\Users\Rakesh jha\Vipul\EnsembleTA\results\ensemble_strategy_EURUSD=X_1d_top3_shifts0.html
EURUSD=X,1d,3,[1],-32.56%,-55.24%,N/A in bt,-11.95,N/A in bt,N/A in bt,32.56%,4.17%,48,0.00,63.16,-715.30,C:\Users\Rakesh jha\Vipul\EnsembleTA\results\ensemble_strategy_EURUSD=X_1d_top3_shifts1.html
EURUSD=X,1d,3,[2],-23.39%,-41.95%,N/A in bt,-7.44,N/A in bt,N/A in bt,23.54%,11.11%,36,0.06,370.90,-777.45,C:\Users\Rakesh jha\Vipul\EnsembleTA\results\ensemble_strategy_EURUSD=X_1d_top3_shifts2.html
EURUSD=X,1d,3,"[0, 1]",-29.17%,-50.53%,N/A in bt,-9.90,N/A in bt,N/A in bt,29.17%,6.82%,44,0.01,55.45,-720.33,C:\Users\Rakesh jha\Vipul\EnsembleTA\results\ensemble_strategy_EURUSD=X_1d_top3_shifts0_1.html
EURUSD=X,1d,3,"[0, 1, 2]",-29.17%,-50.53%,N/A in bt,-9.90,N/A in bt,N/A in bt,29.17%,6.82%,44,0.01,55.45,-720.33,C:\Users\Rakesh jha\Vipul\EnsembleTA\results\ensemble_strategy_EURUSD=X_1d_top3_shifts0_1_2.html
EURUSD=X,1d,5,[0],-13.14%,-24.98%,N/A in bt,-3.68,N/A in bt,N/A in bt,15.22%,11.76%,17,0.05,399.27,-1064.89,C:\Users\Rakesh jha\Vipul\EnsembleTA\results\ensemble_strategy_EURUSD=X_1d_top5_shifts0.html
EURUSD=X,1d,5,[1],-32.56%,-55.24%,N/A in bt,-11.95,N/A in bt,N/A in bt,32.56%,4.17%,48,0.00,63.16,-715.30,C:\Users\Rakesh jha\Vipul\EnsembleTA\results\ensemble_strategy_EURUSD=X_1d_top5_shifts1.html
EURUSD=X,1d,5,[2],-26.87%,-47.20%,N/A in bt,-8.90,N/A in bt,N/A in bt,27.01%,12.50%,48,0.08,389.47,-706.77,C:\Users\Rakesh jha\Vipul\EnsembleTA\results\ensemble_strategy_EURUSD=X_1d_top5_shifts2.html
EURUSD=X,1d,5,"[0, 1]",-27.32%,-47.86%,N/A in bt,-8.95,N/A in bt,N/A in bt,27.66%,9.52%,42,0.01,53.46,-746.81,C:\Users\Rakesh jha\Vipul\EnsembleTA\results\ensemble_strategy_EURUSD=X_1d_top5_shifts0_1.html
EURUSD=X,1d,5,"[0, 1, 2]",-27.32%,-47.86%,N/A in bt,-8.95,N/A in bt,N/A in bt,27.66%,9.52%,42,0.01,53.46,-746.81,C:\Users\Rakesh jha\Vipul\EnsembleTA\results\ensemble_strategy_EURUSD=X_1d_top5_shifts0_1_2.html
EURUSD=X,1d,7,[0],-16.59%,-30.94%,N/A in bt,-4.76,N/A in bt,N/A in bt,17.86%,5.26%,19,0.01,192.40,-1042.17,C:\Users\Rakesh jha\Vipul\EnsembleTA\results\ensemble_strategy_EURUSD=X_1d_top7_shifts0.html
EURUSD=X,1d,7,[1],-32.12%,-54.64%,N/A in bt,-11.89,N/A in bt,N/A in bt,32.12%,4.26%,47,0.00,63.41,-721.57,C:\Users\Rakesh jha\Vipul\EnsembleTA\results\ensemble_strategy_EURUSD=X_1d_top7_shifts1.html
EURUSD=X,1d,7,[2],-24.06%,-42.97%,N/A in bt,-7.88,N/A in bt,N/A in bt,24.20%,13.33%,45,0.09,399.67,-689.92,C:\Users\Rakesh jha\Vipul\EnsembleTA\results\ensemble_strategy_EURUSD=X_1d_top7_shifts2.html
EURUSD=X,1d,7,"[0, 1]",-27.56%,-48.21%,N/A in bt,-9.10,N/A in bt,N/A in bt,27.56%,9.52%,42,0.01,54.04,-736.38,C:\Users\Rakesh jha\Vipul\EnsembleTA\results\ensemble_strategy_EURUSD=X_1d_top7_shifts0_1.html
EURUSD=X,1d,7,"[0, 1, 2]",-29.89%,-51.55%,N/A in bt,-9.87,N/A in bt,N/A in bt,29.89%,6.98%,43,0.00,37.71,-756.19,C:\Users\Rakesh jha\Vipul\EnsembleTA\results\ensemble_strategy_EURUSD=X_1d_top7_shifts0_1_2.html
EURUSD=X,1wk,3,[0],-6.27%,-12.19%,N/A in bt,-5.14,N/A in bt,N/A in bt,6.52%,14.29%,7,0.19,1447.19,-1551.10,C:\Users\Rakesh jha\Vipul\EnsembleTA\results\ensemble_strategy_EURUSD=X_1wk_top3_shifts0.html
EURUSD=X,1wk,3,[1],-5.87%,-11.43%,N/A in bt,-5.45,N/A in bt,N/A in bt,6.02%,14.29%,7,0.20,1239.22,-1261.18,C:\Users\Rakesh jha\Vipul\EnsembleTA\results\ensemble_strategy_EURUSD=X_1wk_top3_shifts1.html
EURUSD=X,1wk,3,[2],-3.83%,-7.54%,N/A in bt,-4.06,N/A in bt,N/A in bt,5.68%,33.33%,6,0.23,586.92,-1251.50,C:\Users\Rakesh jha\Vipul\EnsembleTA\results\ensemble_strategy_EURUSD=X_1wk_top3_shifts2.html
EURUSD=X,1wk,3,"[0, 1]",-6.27%,-12.19%,N/A in bt,-5.14,N/A in bt,N/A in bt,6.52%,14.29%,7,0.19,1447.19,-1551.10,C:\Users\Rakesh jha\Vipul\EnsembleTA\results\ensemble_strategy_EURUSD=X_1wk_top3_shifts0_1.html
EURUSD=X,1wk,3,"[0, 1, 2]",-6.27%,-12.19%,N/A in bt,-5.14,N/A in bt,N/A in bt,6.52%,14.29%,7,0.19,1447.19,-1551.10,C:\Users\Rakesh jha\Vipul\EnsembleTA\results\ensemble_strategy_EURUSD=X_1wk_top3_shifts0_1_2.html
EURUSD=X,1wk,5,[0],-5.95%,-11.58%,N/A in bt,-5.00,N/A in bt,N/A in bt,6.20%,14.29%,7,0.19,1447.19,-1486.54,C:\Users\Rakesh jha\Vipul\EnsembleTA\results\ensemble_strategy_EURUSD=X_1wk_top5_shifts0.html
EURUSD=X,1wk,5,[1],-5.87%,-11.43%,N/A in bt,-5.45,N/A in bt,N/A in bt,6.02%,14.29%,7,0.20,1239.22,-1261.18,C:\Users\Rakesh jha\Vipul\EnsembleTA\results\ensemble_strategy_EURUSD=X_1wk_top5_shifts1.html
EURUSD=X,1wk,5,[2],-0.96%,-1.93%,N/A in bt,-0.87,N/A in bt,N/A in bt,3.38%,40.00%,5,0.76,1520.68,-1335.28,C:\Users\Rakesh jha\Vipul\EnsembleTA\results\ensemble_strategy_EURUSD=X_1wk_top5_shifts2.html
EURUSD=X,1wk,5,"[0, 1]",-5.95%,-11.58%,N/A in bt,-5.00,N/A in bt,N/A in bt,6.20%,14.29%,7,0.19,1447.19,-1486.54,C:\Users\Rakesh jha\Vipul\EnsembleTA\results\ensemble_strategy_EURUSD=X_1wk_top5_shifts0_1.html
EURUSD=X,1wk,5,"[0, 1, 2]",-5.95%,-11.58%,N/A in bt,-5.00,N/A in bt,N/A in bt,6.20%,14.29%,7,0.19,1447.19,-1486.54,C:\Users\Rakesh jha\Vipul\EnsembleTA\results\ensemble_strategy_EURUSD=X_1wk_top5_shifts0_1_2.html
EURUSD=X,1wk,7,[0],-10.48%,-19.92%,N/A in bt,-9.11,N/A in bt,N/A in bt,10.71%,12.50%,8,0.12,1447.19,-1993.14,C:\Users\Rakesh jha\Vipul\EnsembleTA\results\ensemble_strategy_EURUSD=X_1wk_top7_shifts0.html
EURUSD=X,1wk,7,[1],-5.87%,-11.43%,N/A in bt,-5.45,N/A in bt,N/A in bt,6.02%,14.29%,7,0.20,1239.22,-1261.18,C:\Users\Rakesh jha\Vipul\EnsembleTA\results\ensemble_strategy_EURUSD=X_1wk_top7_shifts1.html
EURUSD=X,1wk,7,[2],-2.48%,-4.92%,N/A in bt,-2.30,N/A in bt,N/A in bt,3.38%,33.33%,6,0.53,1054.55,-1335.28,C:\Users\Rakesh jha\Vipul\EnsembleTA\results\ensemble_strategy_EURUSD=X_1wk_top7_shifts2.html
EURUSD=X,1wk,7,"[0, 1]",-5.95%,-11.58%,N/A in bt,-5.00,N/A in bt,N/A in bt,6.20%,14.29%,7,0.19,1447.19,-1486.54,C:\Users\Rakesh jha\Vipul\EnsembleTA\results\ensemble_strategy_EURUSD=X_1wk_top7_shifts0_1.html
EURUSD=X,1wk,7,"[0, 1, 2]",-4.22%,-8.29%,N/A in bt,-3.51,N/A in bt,N/A in bt,4.96%,16.67%,6,0.25,1447.19,-1426.11,C:\Users\Rakesh jha\Vipul\EnsembleTA\results\ensemble_strategy_EURUSD=X_1wk_top7_shifts0_1_2.html
EURUSD=X,1mo,3,[0],-7.38%,-16.72%,N/A in bt,-14.47,N/A in bt,N/A in bt,7.38%,0.00%,3,0.00,0.00,-3293.92,C:\Users\Rakesh jha\Vipul\EnsembleTA\results\ensemble_strategy_EURUSD=X_1mo_top3_shifts0.html
EURUSD=X,1mo,3,[1],-10.21%,-22.68%,N/A in bt,-12.05,N/A in bt,N/A in bt,10.21%,0.00%,2,0.00,0.00,-4054.13,C:\Users\Rakesh jha\Vipul\EnsembleTA\results\ensemble_strategy_EURUSD=X_1mo_top3_shifts1.html
EURUSD=X,1mo,3,[2],-2.58%,-6.05%,N/A in bt,-15.92,N/A in bt,N/A in bt,2.58%,0.00%,2,0.00,0.00,-1747.84,C:\Users\Rakesh jha\Vipul\EnsembleTA\results\ensemble_strategy_EURUSD=X_1mo_top3_shifts2.html
EURUSD=X,1mo,3,"[0, 1]",-4.87%,-11.23%,N/A in bt,-13.18,N/A in bt,N/A in bt,4.87%,0.00%,2,0.00,0.00,-4054.13,C:\Users\Rakesh jha\Vipul\EnsembleTA\results\ensemble_strategy_EURUSD=X_1mo_top3_shifts0_1.html
EURUSD=X,1mo,3,"[0, 1, 2]",-4.87%,-11.23%,N/A in bt,-13.18,N/A in bt,N/A in bt,4.87%,0.00%,2,0.00,0.00,-4054.13,C:\Users\Rakesh jha\Vipul\EnsembleTA\results\ensemble_strategy_EURUSD=X_1mo_top3_shifts0_1_2.html
EURUSD=X,1mo,5,[0],-7.38%,-16.72%,N/A in bt,-14.47,N/A in bt,N/A in bt,7.38%,0.00%,3,0.00,0.00,-3293.92,C:\Users\Rakesh jha\Vipul\EnsembleTA\results\ensemble_strategy_EURUSD=X_1mo_top5_shifts0.html
EURUSD=X,1mo,5,[1],-10.21%,-22.68%,N/A in bt,-12.05,N/A in bt,N/A in bt,10.21%,0.00%,2,0.00,0.00,-4054.13,C:\Users\Rakesh jha\Vipul\EnsembleTA\results\ensemble_strategy_EURUSD=X_1mo_top5_shifts1.html
EURUSD=X,1mo,5,[2],-2.58%,-6.05%,N/A in bt,-15.92,N/A in bt,N/A in bt,2.58%,0.00%,2,0.00,0.00,-1747.84,C:\Users\Rakesh jha\Vipul\EnsembleTA\results\ensemble_strategy_EURUSD=X_1mo_top5_shifts2.html
EURUSD=X,1mo,5,"[0, 1]",-4.05%,-9.41%,N/A in bt,-10.46,N/A in bt,N/A in bt,4.05%,0.00%,1,0.00,0.00,-4054.13,C:\Users\Rakesh jha\Vipul\EnsembleTA\results\ensemble_strategy_EURUSD=X_1mo_top5_shifts0_1.html
EURUSD=X,1mo,5,"[0, 1, 2]",-5.45%,-12.52%,N/A in bt,-10.07,N/A in bt,N/A in bt,5.45%,0.00%,1,0.00,0.00,-5446.80,C:\Users\Rakesh jha\Vipul\EnsembleTA\results\ensemble_strategy_EURUSD=X_1mo_top5_shifts0_1_2.html
EURUSD=X,1mo,7,[0],-7.38%,-16.72%,N/A in bt,-14.47,N/A in bt,N/A in bt,7.38%,0.00%,3,0.00,0.00,-3293.92,C:\Users\Rakesh jha\Vipul\EnsembleTA\results\ensemble_strategy_EURUSD=X_1mo_top7_shifts0.html
EURUSD=X,1mo,7,[1],-10.21%,-22.68%,N/A in bt,-12.05,N/A in bt,N/A in bt,10.21%,0.00%,2,0.00,0.00,-4054.13,C:\Users\Rakesh jha\Vipul\EnsembleTA\results\ensemble_strategy_EURUSD=X_1mo_top7_shifts1.html
EURUSD=X,1mo,7,[2],-2.58%,-6.05%,N/A in bt,-15.92,N/A in bt,N/A in bt,2.58%,0.00%,2,0.00,0.00,-1747.84,C:\Users\Rakesh jha\Vipul\EnsembleTA\results\ensemble_strategy_EURUSD=X_1mo_top7_shifts2.html
EURUSD=X,1mo,7,"[0, 1]",-10.21%,-22.68%,N/A in bt,-12.05,N/A in bt,N/A in bt,10.21%,0.00%,2,0.00,0.00,-4054.13,C:\Users\Rakesh jha\Vipul\EnsembleTA\results\ensemble_strategy_EURUSD=X_1mo_top7_shifts0_1.html
EURUSD=X,1mo,7,"[0, 1, 2]",-5.45%,-12.52%,N/A in bt,-10.07,N/A in bt,N/A in bt,5.45%,0.00%,1,0.00,0.00,-5446.80,C:\Users\Rakesh jha\Vipul\EnsembleTA\results\ensemble_strategy_EURUSD=X_1mo_top7_shifts0_1_2.html
GBPJPY=X,1d,3,[0],-14.20%,-26.85%,N/A in bt,-3.49,N/A in bt,N/A in bt,15.24%,13.64%,22,0.19,1053.97,-947.54,C:\Users\Rakesh jha\Vipul\EnsembleTA\results\ensemble_strategy_GBPJPY=X_1d_top3_shifts0.html
GBPJPY=X,1d,3,[1],-32.38%,-55.00%,N/A in bt,-9.31,N/A in bt,N/A in bt,32.38%,4.88%,41,0.04,594.14,-877.07,C:\Users\Rakesh jha\Vipul\EnsembleTA\results\ensemble_strategy_GBPJPY=X_1d_top3_shifts1.html
GBPJPY=X,1d,3,[2],-2.53%,-5.10%,N/A in bt,-0.63,N/A in bt,N/A in bt,4.39%,0.00%,3,0.00,0.00,-801.15,C:\Users\Rakesh jha\Vipul\EnsembleTA\results\ensemble_strategy_GBPJPY=X_1d_top3_shifts2.html
GBPJPY=X,1d,3,"[0, 1]",-31.54%,-53.84%,N/A in bt,-9.31,N/A in bt,N/A in bt,31.54%,5.00%,40,0.04,600.91,-878.20,C:\Users\Rakesh jha\Vipul\EnsembleTA\results\ensemble_strategy_GBPJPY=X_1d_top3_shifts0_1.html
GBPJPY=X,1d,3,"[0, 1, 2]",-31.54%,-53.84%,N/A in bt,-9.31,N/A in bt,N/A in bt,31.54%,5.00%,40,0.04,600.91,-878.20,C:\Users\Rakesh jha\Vipul\EnsembleTA\results\ensemble_strategy_GBPJPY=X_1d_top3_shifts0_1_2.html
GBPJPY=X,1d,5,[0],-14.85%,-27.96%,N/A in bt,-3.70,N/A in bt,N/A in bt,16.86%,12.50%,24,0.17,1035.53,-918.46,C:\Users\Rakesh jha\Vipul\EnsembleTA\results\ensemble_strategy_GBPJPY=X_1d_top5_shifts0.html
GBPJPY=X,1d,5,[1],-32.38%,-55.00%,N/A in bt,-9.31,N/A in bt,N/A in bt,32.38%,4.88%,41,0.04,594.14,-877.07,C:\Users\Rakesh jha\Vipul\EnsembleTA\results\ensemble_strategy_GBPJPY=X_1d_top5_shifts1.html
GBPJPY=X,1d,5,[2],-22.19%,-40.07%,N/A in bt,-5.28,N/A in bt,N/A in bt,22.19%,4.17%,24,0.02,480.07,-985.81,C:\Users\Rakesh jha\Vipul\EnsembleTA\results\ensemble_strategy_GBPJPY=X_1d_top5_shifts2.html
GBPJPY=X,1d,5,"[0, 1]",-30.80%,-52.83%,N/A in bt,-8.84,N/A in bt,N/A in bt,30.80%,5.13%,39,0.04,606.58,-882.38,C:\Users\Rakesh jha\Vipul\EnsembleTA\results\ensemble_strategy_GBPJPY=X_1d_top5_shifts0_1.html
GBPJPY=X,1d,5,"[0, 1, 2]",-30.80%,-52.83%,N/A in bt,-8.84,N/A in bt,N/A in bt,30.80%,5.13%,39,0.04,606.58,-882.38,C:\Users\Rakesh jha\Vipul\EnsembleTA\results\ensemble_strategy_GBPJPY=X_1d_top5_shifts0_1_2.html
GBPJPY=X,1d,7,[0],-10.07%,-19.47%,N/A in bt,-2.45,N/A in bt,N/A in bt,14.19%,9.52%,21,0.05,345.50,-750.05,C:\Users\Rakesh jha\Vipul\EnsembleTA\results\ensemble_strategy_GBPJPY=X_1d_top7_shifts0.html
GBPJPY=X,1d,7,[1],-35.03%,-58.52%,N/A in bt,-10.11,N/A in bt,N/A in bt,35.03%,2.44%,41,0.00,147.55,-895.99,C:\Users\Rakesh jha\Vipul\EnsembleTA\results\ensemble_strategy_GBPJPY=X_1d_top7_shifts1.html
GBPJPY=X,1d,7,[2],-23.13%,-41.53%,N/A in bt,-5.55,N/A in bt,N/A in bt,23.13%,3.85%,26,0.02,568.29,-947.85,C:\Users\Rakesh jha\Vipul\EnsembleTA\results\ensemble_strategy_GBPJPY=X_1d_top7_shifts2.html
GBPJPY=X,1d,7,"[0, 1]",-31.35%,-53.58%,N/A in bt,-9.12,N/A in bt,N/A in bt,31.35%,5.00%,40,0.04,602.40,-873.02,C:\Users\Rakesh jha\Vipul\EnsembleTA\results\ensemble_strategy_GBPJPY=X_1d_top7_shifts0_1.html
GBPJPY=X,1d,7,"[0, 1, 2]",-29.79%,-51.41%,N/A in bt,-8.38,N/A in bt,N/A in bt,29.79%,5.13%,39,0.04,599.68,-853.79,C:\Users\Rakesh jha\Vipul\EnsembleTA\results\ensemble_strategy_GBPJPY=X_1d_top7_shifts0_1_2.html
GBPJPY=X,1wk,3,[0],-11.89%,-22.43%,N/A in bt,-9.76,N/A in bt,N/A in bt,12.71%,0.00%,9,0.00,0.00,-1499.72,C:\Users\Rakesh jha\Vipul\EnsembleTA\results\ensemble_strategy_GBPJPY=X_1wk_top3_shifts0.html
GBPJPY=X,1wk,3,[1],-7.66%,-14.78%,N/A in bt,-7.30,N/A in bt,N/A in bt,7.66%,0.00%,2,0.00,0.00,-3010.34,C:\Users\Rakesh jha\Vipul\EnsembleTA\results\ensemble_strategy_GBPJPY=X_1wk_top3_shifts1.html
GBPJPY=X,1wk,3,[2],-6.55%,-12.71%,N/A in bt,-7.10,N/A in bt,N/A in bt,6.55%,0.00%,2,0.00,0.00,-3274.94,C:\Users\Rakesh jha\Vipul\EnsembleTA\results\ensemble_strategy_GBPJPY=X_1wk_top3_shifts2.html
GBPJPY=X,1wk,3,"[0, 1]",-13.09%,-24.53%,N/A in bt,-10.97,N/A in bt,N/A in bt,13.77%,0.00%,9,0.00,0.00,-1649.24,C:\Users\Rakesh jha\Vipul\EnsembleTA\results\ensemble_strategy_GBPJPY=X_1wk_top3_shifts0_1.html
GBPJPY=X,1wk,3,"[0, 1, 2]",-11.58%,-21.88%,N/A in bt,-9.72,N/A in bt,N/A in bt,12.27%,0.00%,8,0.00,0.00,-1669.60,C:\Users\Rakesh jha\Vipul\EnsembleTA\results\ensemble_strategy_GBPJPY=X_1wk_top3_shifts0_1_2.html
GBPJPY=X,1wk,5,[0],-11.89%,-22.43%,N/A in bt,-9.76,N/A in bt,N/A in bt,12.71%,0.00%,9,0.00,0.00,-1499.72,C:\Users\Rakesh jha\Vipul\EnsembleTA\results\ensemble_strategy_GBPJPY=X_1wk_top5_shifts0.html
GBPJPY=X,1wk,5,[1],-10.38%,-19.75%,N/A in bt,-6.52,N/A in bt,N/A in bt,10.38%,0.00%,3,0.00,0.00,-3571.37,C:\Users\Rakesh jha\Vipul\EnsembleTA\results\ensemble_strategy_GBPJPY=X_1wk_top5_shifts1.html
GBPJPY=X,1wk,5,[2],-2.74%,-5.43%,N/A in bt,-2.38,N/A in bt,N/A in bt,4.71%,0.00%,1,inf,0.00,0.00,C:\Users\Rakesh jha\Vipul\EnsembleTA\results\ensemble_strategy_GBPJPY=X_1wk_top5_shifts2.html
GBPJPY=X,1wk,5,"[0, 1]",-13.09%,-24.53%,N/A in bt,-10.97,N/A in bt,N/A in bt,13.77%,0.00%,9,0.00,0.00,-1649.24,C:\Users\Rakesh jha\Vipul\EnsembleTA\results\ensemble_strategy_GBPJPY=X_1wk_top5_shifts0_1.html
GBPJPY=X,1wk,5,"[0, 1, 2]",-11.58%,-21.88%,N/A in bt,-9.72,N/A in bt,N/A in bt,12.27%,0.00%,8,0.00,0.00,-1669.60,C:\Users\Rakesh jha\Vipul\EnsembleTA\results\ensemble_strategy_GBPJPY=X_1wk_top5_shifts0_1_2.html
GBPJPY=X,1wk,7,[0],-11.89%,-22.43%,N/A in bt,-9.76,N/A in bt,N/A in bt,12.71%,0.00%,9,0.00,0.00,-1499.72,C:\Users\Rakesh jha\Vipul\EnsembleTA\results\ensemble_strategy_GBPJPY=X_1wk_top7_shifts0.html
GBPJPY=X,1wk,7,[1],-17.79%,-32.50%,N/A in bt,-14.67,N/A in bt,N/A in bt,17.79%,0.00%,8,0.00,0.00,-1927.83,C:\Users\Rakesh jha\Vipul\EnsembleTA\results\ensemble_strategy_GBPJPY=X_1wk_top7_shifts1.html
GBPJPY=X,1wk,7,[2],-4.60%,-9.01%,N/A in bt,-4.23,N/A in bt,N/A in bt,5.13%,50.00%,2,inf,257.16,0.00,C:\Users\Rakesh jha\Vipul\EnsembleTA\results\ensemble_strategy_GBPJPY=X_1wk_top7_shifts2.html
GBPJPY=X,1wk,7,"[0, 1]",-13.09%,-24.53%,N/A in bt,-10.97,N/A in bt,N/A in bt,13.77%,0.00%,9,0.00,0.00,-1649.24,C:\Users\Rakesh jha\Vipul\EnsembleTA\results\ensemble_strategy_GBPJPY=X_1wk_top7_shifts0_1.html
GBPJPY=X,1wk,7,"[0, 1, 2]",-11.58%,-21.88%,N/A in bt,-9.72,N/A in bt,N/A in bt,12.27%,0.00%,8,0.00,0.00,-1669.60,C:\Users\Rakesh jha\Vipul\EnsembleTA\results\ensemble_strategy_GBPJPY=X_1wk_top7_shifts0_1_2.html
GBPJPY=X,1mo,3,[0],-6.09%,-13.92%,N/A in bt,-18.41,N/A in bt,N/A in bt,6.09%,0.00%,2,0.00,0.00,-3042.56,C:\Users\Rakesh jha\Vipul\EnsembleTA\results\ensemble_strategy_GBPJPY=X_1mo_top3_shifts0.html
GBPJPY=X,1mo,3,[1],-2.78%,-6.50%,N/A in bt,-8.56,N/A in bt,N/A in bt,2.78%,0.00%,2,0.00,0.00,-1751.37,C:\Users\Rakesh jha\Vipul\EnsembleTA\results\ensemble_strategy_GBPJPY=X_1mo_top3_shifts1.html
GBPJPY=X,1mo,3,[2],-3.55%,-8.27%,N/A in bt,-3.94,N/A in bt,N/A in bt,4.91%,0.00%,1,0.00,0.00,-3552.38,C:\Users\Rakesh jha\Vipul\EnsembleTA\results\ensemble_strategy_GBPJPY=X_1mo_top3_shifts2.html
GBPJPY=X,1mo,3,"[0, 1]",-6.09%,-13.92%,N/A in bt,-18.41,N/A in bt,N/A in bt,6.09%,0.00%,2,0.00,0.00,-3042.56,C:\Users\Rakesh jha\Vipul\EnsembleTA\results\ensemble_strategy_GBPJPY=X_1mo_top3_shifts0_1.html
GBPJPY=X,1mo,3,"[0, 1, 2]",-4.45%,-10.30%,N/A in bt,-11.68,N/A in bt,N/A in bt,4.45%,0.00%,1,0.00,0.00,-4450.78,C:\Users\Rakesh jha\Vipul\EnsembleTA\results\ensemble_strategy_GBPJPY=X_1mo_top3_shifts0_1_2.html
GBPJPY=X,1mo,5,[0],-6.09%,-13.92%,N/A in bt,-18.41,N/A in bt,N/A in bt,6.09%,0.00%,2,0.00,0.00,-3042.56,C:\Users\Rakesh jha\Vipul\EnsembleTA\results\ensemble_strategy_GBPJPY=X_1mo_top5_shifts0.html
GBPJPY=X,1mo,5,[1],-2.78%,-6.50%,N/A in bt,-8.56,N/A in bt,N/A in bt,2.78%,0.00%,2,0.00,0.00,-1751.37,C:\Users\Rakesh jha\Vipul\EnsembleTA\results\ensemble_strategy_GBPJPY=X_1mo_top5_shifts1.html
GBPJPY=X,1mo,5,[2],-3.55%,-8.27%,N/A in bt,-3.94,N/A in bt,N/A in bt,4.91%,0.00%,1,0.00,0.00,-3552.38,C:\Users\Rakesh jha\Vipul\EnsembleTA\results\ensemble_strategy_GBPJPY=X_1mo_top5_shifts2.html
GBPJPY=X,1mo,5,"[0, 1]",-6.09%,-13.92%,N/A in bt,-18.41,N/A in bt,N/A in bt,6.09%,0.00%,2,0.00,0.00,-3042.56,C:\Users\Rakesh jha\Vipul\EnsembleTA\results\ensemble_strategy_GBPJPY=X_1mo_top5_shifts0_1.html
GBPJPY=X,1mo,5,"[0, 1, 2]",-4.45%,-10.30%,N/A in bt,-11.68,N/A in bt,N/A in bt,4.45%,0.00%,1,0.00,0.00,-4450.78,C:\Users\Rakesh jha\Vipul\EnsembleTA\results\ensemble_strategy_GBPJPY=X_1mo_top5_shifts0_1_2.html
GBPJPY=X,1mo,7,[0],-6.09%,-13.92%,N/A in bt,-18.41,N/A in bt,N/A in bt,6.09%,0.00%,2,0.00,0.00,-3042.56,C:\Users\Rakesh jha\Vipul\EnsembleTA\results\ensemble_strategy_GBPJPY=X_1mo_top7_shifts0.html
GBPJPY=X,1mo,7,[1],-2.78%,-6.50%,N/A in bt,-8.56,N/A in bt,N/A in bt,2.78%,0.00%,2,0.00,0.00,-1751.37,C:\Users\Rakesh jha\Vipul\EnsembleTA\results\ensemble_strategy_GBPJPY=X_1mo_top7_shifts1.html
GBPJPY=X,1mo,7,[2],-3.55%,-8.27%,N/A in bt,-3.94,N/A in bt,N/A in bt,4.91%,0.00%,1,0.00,0.00,-3552.38,C:\Users\Rakesh jha\Vipul\EnsembleTA\results\ensemble_strategy_GBPJPY=X_1mo_top7_shifts2.html
GBPJPY=X,1mo,7,"[0, 1]",-6.09%,-13.92%,N/A in bt,-18.41,N/A in bt,N/A in bt,6.09%,0.00%,2,0.00,0.00,-3042.56,C:\Users\Rakesh jha\Vipul\EnsembleTA\results\ensemble_strategy_GBPJPY=X_1mo_top7_shifts0_1.html
GBPJPY=X,1mo,7,"[0, 1, 2]",-4.45%,-10.30%,N/A in bt,-11.68,N/A in bt,N/A in bt,4.45%,0.00%,1,0.00,0.00,-4450.78,C:\Users\Rakesh jha\Vipul\EnsembleTA\results\ensemble_strategy_GBPJPY=X_1mo_top7_shifts0_1_2.html
RELIANCE.NS,1d,3,[0],-49.87%,-75.57%,N/A in bt,-9.27,N/A in bt,N/A in bt,50.93%,10.53%,38,0.04,479.37,-1570.25,C:\Users\Rakesh jha\Vipul\EnsembleTA\results\ensemble_strategy_RELIANCE.NS_1d_top3_shifts0.html
RELIANCE.NS,1d,3,[1],-49.87%,-75.56%,N/A in bt,-9.55,N/A in bt,N/A in bt,50.16%,2.70%,37,0.00,151.05,-1423.82,C:\Users\Rakesh jha\Vipul\EnsembleTA\results\ensemble_strategy_RELIANCE.NS_1d_top3_shifts1.html
RELIANCE.NS,1d,3,[2],-31.64%,-53.99%,N/A in bt,-5.41,N/A in bt,N/A in bt,32.20%,13.64%,22,0.11,1230.44,-1868.78,C:\Users\Rakesh jha\Vipul\EnsembleTA\results\ensemble_strategy_RELIANCE.NS_1d_top3_shifts2.html
RELIANCE.NS,1d,3,"[0, 1]",-49.87%,-75.57%,N/A in bt,-9.27,N/A in bt,N/A in bt,50.93%,10.53%,38,0.04,479.37,-1570.25,C:\Users\Rakesh jha\Vipul\EnsembleTA\results\ensemble_strategy_RELIANCE.NS_1d_top3_shifts0_1.html
RELIANCE.NS,1d,3,"[0, 1, 2]",-49.87%,-75.57%,N/A in bt,-9.27,N/A in bt,N/A in bt,50.93%,10.53%,38,0.04,479.37,-1570.25,C:\Users\Rakesh jha\Vipul\EnsembleTA\results\ensemble_strategy_RELIANCE.NS_1d_top3_shifts0_1_2.html
RELIANCE.NS,1d,5,[0],-48.72%,-74.40%,N/A in bt,-8.88,N/A in bt,N/A in bt,49.79%,11.11%,36,0.04,483.76,-1634.85,C:\Users\Rakesh jha\Vipul\EnsembleTA\results\ensemble_strategy_RELIANCE.NS_1d_top5_shifts0.html
RELIANCE.NS,1d,5,[1],-52.22%,-77.84%,N/A in bt,-10.44,N/A in bt,N/A in bt,52.49%,2.56%,39,0.00,143.97,-1410.39,C:\Users\Rakesh jha\Vipul\EnsembleTA\results\ensemble_strategy_RELIANCE.NS_1d_top5_shifts1.html
RELIANCE.NS,1d,5,[2],-32.50%,-55.16%,N/A in bt,-5.50,N/A in bt,N/A in bt,33.07%,19.05%,21,0.08,684.22,-2036.07,C:\Users\Rakesh jha\Vipul\EnsembleTA\results\ensemble_strategy_RELIANCE.NS_1d_top5_shifts2.html
RELIANCE.NS,1d,5,"[0, 1]",-48.72%,-74.40%,N/A in bt,-8.88,N/A in bt,N/A in bt,49.79%,11.11%,36,0.04,483.76,-1634.85,C:\Users\Rakesh jha\Vipul\EnsembleTA\results\ensemble_strategy_RELIANCE.NS_1d_top5_shifts0_1.html
RELIANCE.NS,1d,5,"[0, 1, 2]",-48.72%,-74.40%,N/A in bt,-8.88,N/A in bt,N/A in bt,49.79%,11.11%,36,0.04,483.76,-1634.85,C:\Users\Rakesh jha\Vipul\EnsembleTA\results\ensemble_strategy_RELIANCE.NS_1d_top5_shifts0_1_2.html
RELIANCE.NS,1d,7,[0],-40.50%,-65.33%,N/A in bt,-6.75,N/A in bt,N/A in bt,43.27%,7.14%,28,0.03,577.75,-1764.82,C:\Users\Rakesh jha\Vipul\EnsembleTA\results\ensemble_strategy_RELIANCE.NS_1d_top7_shifts0.html
RELIANCE.NS,1d,7,[1],-49.35%,-75.04%,N/A in bt,-9.12,N/A in bt,N/A in bt,49.64%,5.26%,38,0.00,101.05,-1410.36,C:\Users\Rakesh jha\Vipul\EnsembleTA\results\ensemble_strategy_RELIANCE.NS_1d_top7_shifts1.html
RELIANCE.NS,1d,7,[2],-35.67%,-59.36%,N/A in bt,-6.10,N/A in bt,N/A in bt,36.22%,12.00%,25,0.04,519.25,-1652.34,C:\Users\Rakesh jha\Vipul\EnsembleTA\results\ensemble_strategy_RELIANCE.NS_1d_top7_shifts2.html
RELIANCE.NS,1d,7,"[0, 1]",-40.50%,-65.33%,N/A in bt,-6.75,N/A in bt,N/A in bt,43.27%,7.14%,28,0.03,577.76,-1764.82,C:\Users\Rakesh jha\Vipul\EnsembleTA\results\ensemble_strategy_RELIANCE.NS_1d_top7_shifts0_1.html
RELIANCE.NS,1d,7,"[0, 1, 2]",-40.50%,-65.33%,N/A in bt,-6.75,N/A in bt,N/A in bt,43.27%,7.14%,28,0.03,577.76,-1764.82,C:\Users\Rakesh jha\Vipul\EnsembleTA\results\ensemble_strategy_RELIANCE.NS_1d_top7_shifts0_1_2.html
RELIANCE.NS,1wk,3,[0],-20.39%,-37.87%,N/A in bt,-8.54,N/A in bt,N/A in bt,26.20%,0.00%,8,0.00,0.00,-3655.59,C:\Users\Rakesh jha\Vipul\EnsembleTA\results\ensemble_strategy_RELIANCE.NS_1wk_top3_shifts0.html
RELIANCE.NS,1wk,3,[1],-24.70%,-44.69%,N/A in bt,-10.64,N/A in bt,N/A in bt,25.02%,14.29%,7,0.02,440.24,-3557.70,C:\Users\Rakesh jha\Vipul\EnsembleTA\results\ensemble_strategy_RELIANCE.NS_1wk_top3_shifts1.html
RELIANCE.NS,1wk,3,[2],-6.61%,-13.30%,N/A in bt,-2.29,N/A in bt,N/A in bt,11.85%,66.67%,3,inf,2138.29,0.00,C:\Users\Rakesh jha\Vipul\EnsembleTA\results\ensemble_strategy_RELIANCE.NS_1wk_top3_shifts2.html
RELIANCE.NS,1wk,3,"[0, 1]",-20.39%,-37.87%,N/A in bt,-8.54,N/A in bt,N/A in bt,26.20%,0.00%,8,0.00,0.00,-3655.59,C:\Users\Rakesh jha\Vipul\EnsembleTA\results\ensemble_strategy_RELIANCE.NS_1wk_top3_shifts0_1.html
RELIANCE.NS,1wk,3,"[0, 1, 2]",-20.39%,-37.87%,N/A in bt,-8.54,N/A in bt,N/A in bt,26.20%,0.00%,8,0.00,0.00,-3655.59,C:\Users\Rakesh jha\Vipul\EnsembleTA\results\ensemble_strategy_RELIANCE.NS_1wk_top3_shifts0_1_2.html
RELIANCE.NS,1wk,5,[0],-20.39%,-37.87%,N/A in bt,-8.54,N/A in bt,N/A in bt,26.20%,0.00%,8,0.00,0.00,-3655.59,C:\Users\Rakesh jha\Vipul\EnsembleTA\results\ensemble_strategy_RELIANCE.NS_1wk_top5_shifts0.html
RELIANCE.NS,1wk,5,[1],-24.70%,-44.69%,N/A in bt,-10.64,N/A in bt,N/A in bt,25.02%,14.29%,7,0.02,440.24,-3557.70,C:\Users\Rakesh jha\Vipul\EnsembleTA\results\ensemble_strategy_RELIANCE.NS_1wk_top5_shifts1.html
RELIANCE.NS,1wk,5,[2],-9.96%,-19.67%,N/A in bt,-3.71,N/A in bt,N/A in bt,14.60%,33.33%,3,2.07,3735.82,-1807.46,C:\Users\Rakesh jha\Vipul\EnsembleTA\results\ensemble_strategy_RELIANCE.NS_1wk_top5_shifts2.html
RELIANCE.NS,1wk,5,"[0, 1]",-20.39%,-37.87%,N/A in bt,-8.54,N/A in bt,N/A in bt,26.20%,0.00%,8,0.00,0.00,-3655.59,C:\Users\Rakesh jha\Vipul\EnsembleTA\results\ensemble_strategy_RELIANCE.NS_1wk_top5_shifts0_1.html
RELIANCE.NS,1wk,5,"[0, 1, 2]",-20.39%,-37.87%,N/A in bt,-8.54,N/A in bt,N/A in bt,26.20%,0.00%,8,0.00,0.00,-3655.59,C:\Users\Rakesh jha\Vipul\EnsembleTA\results\ensemble_strategy_RELIANCE.NS_1wk_top5_shifts0_1_2.html
RELIANCE.NS,1wk,7,[0],-22.71%,-41.60%,N/A in bt,-9.77,N/A in bt,N/A in bt,28.35%,0.00%,8,0.00,0.00,-3965.58,C:\Users\Rakesh jha\Vipul\EnsembleTA\results\ensemble_strategy_RELIANCE.NS_1wk_top7_shifts0.html
RELIANCE.NS,1wk,7,[1],-24.70%,-44.69%,N/A in bt,-10.64,N/A in bt,N/A in bt,25.02%,14.29%,7,0.02,440.24,-3557.70,C:\Users\Rakesh jha\Vipul\EnsembleTA\results\ensemble_strategy_RELIANCE.NS_1wk_top7_shifts1.html
RELIANCE.NS,1wk,7,[2],-25.66%,-46.15%,N/A in bt,-15.91,N/A in bt,N/A in bt,25.66%,0.00%,7,0.00,0.00,-2833.05,C:\Users\Rakesh jha\Vipul\EnsembleTA\results\ensemble_strategy_RELIANCE.NS_1wk_top7_shifts2.html
RELIANCE.NS,1wk,7,"[0, 1]",-22.71%,-41.60%,N/A in bt,-9.77,N/A in bt,N/A in bt,28.35%,0.00%,8,0.00,0.00,-3965.58,C:\Users\Rakesh jha\Vipul\EnsembleTA\results\ensemble_strategy_RELIANCE.NS_1wk_top7_shifts0_1.html
RELIANCE.NS,1wk,7,"[0, 1, 2]",-22.71%,-41.60%,N/A in bt,-9.77,N/A in bt,N/A in bt,28.35%,0.00%,8,0.00,0.00,-3965.58,C:\Users\Rakesh jha\Vipul\EnsembleTA\results\ensemble_strategy_RELIANCE.NS_1wk_top7_shifts0_1_2.html
RELIANCE.NS,1mo,3,[0],-20.11%,-41.49%,N/A in bt,-26.74,N/A in bt,N/A in bt,20.11%,0.00%,2,0.00,0.00,-10054.74,C:\Users\Rakesh jha\Vipul\EnsembleTA\results\ensemble_strategy_RELIANCE.NS_1mo_top3_shifts0.html
RELIANCE.NS,1mo,3,[1],-15.02%,-32.20%,N/A in bt,-12.53,N/A in bt,N/A in bt,15.02%,0.00%,1,inf,0.00,0.00,C:\Users\Rakesh jha\Vipul\EnsembleTA\results\ensemble_strategy_RELIANCE.NS_1mo_top3_shifts1.html
RELIANCE.NS,1mo,3,[2],-12.33%,-26.95%,N/A in bt,-10.65,N/A in bt,N/A in bt,12.33%,0.00%,2,0.00,0.00,-4030.42,C:\Users\Rakesh jha\Vipul\EnsembleTA\results\ensemble_strategy_RELIANCE.NS_1mo_top3_shifts2.html
RELIANCE.NS,1mo,3,"[0, 1]",-11.45%,-25.19%,N/A in bt,-14.70,N/A in bt,N/A in bt,11.45%,0.00%,1,0.00,0.00,-11445.50,C:\Users\Rakesh jha\Vipul\EnsembleTA\results\ensemble_strategy_RELIANCE.NS_1mo_top3_shifts0_1.html
RELIANCE.NS,1mo,3,"[0, 1, 2]",-11.45%,-25.19%,N/A in bt,-14.70,N/A in bt,N/A in bt,11.45%,0.00%,1,0.00,0.00,-11445.50,C:\Users\Rakesh jha\Vipul\EnsembleTA\results\ensemble_strategy_RELIANCE.NS_1mo_top3_shifts0_1_2.html
RELIANCE.NS,1mo,5,[0],-20.11%,-41.49%,N/A in bt,-26.74,N/A in bt,N/A in bt,20.11%,0.00%,2,0.00,0.00,-10054.74,C:\Users\Rakesh jha\Vipul\EnsembleTA\results\ensemble_strategy_RELIANCE.NS_1mo_top5_shifts0.html
RELIANCE.NS,1mo,5,[1],-15.02%,-32.20%,N/A in bt,-12.53,N/A in bt,N/A in bt,15.02%,0.00%,1,inf,0.00,0.00,C:\Users\Rakesh jha\Vipul\EnsembleTA\results\ensemble_strategy_RELIANCE.NS_1mo_top5_shifts1.html
RELIANCE.NS,1mo,5,[2],-12.33%,-26.95%,N/A in bt,-10.65,N/A in bt,N/A in bt,12.33%,0.00%,2,0.00,0.00,-4030.42,C:\Users\Rakesh jha\Vipul\EnsembleTA\results\ensemble_strategy_RELIANCE.NS_1mo_top5_shifts2.html
RELIANCE.NS,1mo,5,"[0, 1]",-11.45%,-25.19%,N/A in bt,-14.70,N/A in bt,N/A in bt,11.45%,0.00%,1,0.00,0.00,-11445.51,C:\Users\Rakesh jha\Vipul\EnsembleTA\results\ensemble_strategy_RELIANCE.NS_1mo_top5_shifts0_1.html
RELIANCE.NS,1mo,5,"[0, 1, 2]",-11.45%,-25.19%,N/A in bt,-14.70,N/A in bt,N/A in bt,11.45%,0.00%,1,0.00,0.00,-11445.50,C:\Users\Rakesh jha\Vipul\EnsembleTA\results\ensemble_strategy_RELIANCE.NS_1mo_top5_shifts0_1_2.html
RELIANCE.NS,1mo,7,[0],-20.11%,-41.49%,N/A in bt,-26.74,N/A in bt,N/A in bt,20.11%,0.00%,2,0.00,0.00,-10054.74,C:\Users\Rakesh jha\Vipul\EnsembleTA\results\ensemble_strategy_RELIANCE.NS_1mo_top7_shifts0.html
RELIANCE.NS,1mo,7,[1],-15.02%,-32.20%,N/A in bt,-12.53,N/A in bt,N/A in bt,15.02%,0.00%,1,inf,0.00,0.00,C:\Users\Rakesh jha\Vipul\EnsembleTA\results\ensemble_strategy_RELIANCE.NS_1mo_top7_shifts1.html
RELIANCE.NS,1mo,7,[2],-12.33%,-26.95%,N/A in bt,-10.65,N/A in bt,N/A in bt,12.33%,0.00%,2,0.00,0.00,-4030.42,C:\Users\Rakesh jha\Vipul\EnsembleTA\results\ensemble_strategy_RELIANCE.NS_1mo_top7_shifts2.html
RELIANCE.NS,1mo,7,"[0, 1]",-11.45%,-25.19%,N/A in bt,-14.70,N/A in bt,N/A in bt,11.45%,0.00%,1,0.00,0.00,-11445.51,C:\Users\Rakesh jha\Vipul\EnsembleTA\results\ensemble_strategy_RELIANCE.NS_1mo_top7_shifts0_1.html
RELIANCE.NS,1mo,7,"[0, 1, 2]",-11.45%,-25.19%,N/A in bt,-14.70,N/A in bt,N/A in bt,11.45%,0.00%,1,0.00,0.00,-11445.51,C:\Users\Rakesh jha\Vipul\EnsembleTA\results\ensemble_strategy_RELIANCE.NS_1mo_top7_shifts0_1_2.html
TCS.NS,1d,3,[0],-59.50%,-84.19%,N/A in bt,-12.64,N/A in bt,N/A in bt,59.50%,2.38%,42,0.00,133.50,-1454.46,C:\Users\Rakesh jha\Vipul\EnsembleTA\results\ensemble_strategy_TCS.NS_1d_top3_shifts0.html
TCS.NS,1d,3,[1],-12.67%,-24.15%,N/A in bt,-1.73,N/A in bt,N/A in bt,14.46%,12.50%,8,0.20,1211.27,-1006.76,C:\Users\Rakesh jha\Vipul\EnsembleTA\results\ensemble_strategy_TCS.NS_1d_top3_shifts1.html
TCS.NS,1d,3,[2],-42.10%,-67.21%,N/A in bt,-6.17,N/A in bt,N/A in bt,43.16%,11.54%,26,0.08,1172.14,-2036.23,C:\Users\Rakesh jha\Vipul\EnsembleTA\results\ensemble_strategy_TCS.NS_1d_top3_shifts2.html
TCS.NS,1d,3,"[0, 1]",-59.50%,-84.19%,N/A in bt,-12.64,N/A in bt,N/A in bt,59.50%,2.38%,42,0.00,133.50,-1454.46,C:\Users\Rakesh jha\Vipul\EnsembleTA\results\ensemble_strategy_TCS.NS_1d_top3_shifts0_1.html
TCS.NS,1d,3,"[0, 1, 2]",-59.50%,-84.19%,N/A in bt,-12.64,N/A in bt,N/A in bt,59.50%,2.38%,42,0.00,133.50,-1454.46,C:\Users\Rakesh jha\Vipul\EnsembleTA\results\ensemble_strategy_TCS.NS_1d_top3_shifts0_1_2.html
TCS.NS,1d,5,[0],-59.39%,-84.10%,N/A in bt,-12.56,N/A in bt,N/A in bt,59.39%,2.44%,41,0.00,133.49,-1487.98,C:\Users\Rakesh jha\Vipul\EnsembleTA\results\ensemble_strategy_TCS.NS_1d_top5_shifts0.html
TCS.NS,1d,5,[1],-13.80%,-26.14%,N/A in bt,-1.88,N/A in bt,N/A in bt,15.57%,20.00%,10,0.35,1640.24,-1334.00,C:\Users\Rakesh jha\Vipul\EnsembleTA\results\ensemble_strategy_TCS.NS_1d_top5_shifts1.html
TCS.NS,1d,5,[2],-47.72%,-73.38%,N/A in bt,-7.67,N/A in bt,N/A in bt,47.78%,7.89%,38,0.11,2043.15,-1571.24,C:\Users\Rakesh jha\Vipul\EnsembleTA\results\ensemble_strategy_TCS.NS_1d_top5_shifts2.html
TCS.NS,1d,5,"[0, 1]",-59.39%,-84.10%,N/A in bt,-12.56,N/A in bt,N/A in bt,59.39%,2.44%,41,0.00,133.50,-1487.98,C:\Users\Rakesh jha\Vipul\EnsembleTA\results\ensemble_strategy_TCS.NS_1d_top5_shifts0_1.html
TCS.NS,1d,5,"[0, 1, 2]",-59.39%,-84.10%,N/A in bt,-12.56,N/A in bt,N/A in bt,59.39%,2.44%,41,0.00,133.50,-1487.98,C:\Users\Rakesh jha\Vipul\EnsembleTA\results\ensemble_strategy_TCS.NS_1d_top5_shifts0_1_2.html
TCS.NS,1d,7,[0],-55.44%,-80.78%,N/A in bt,-10.34,N/A in bt,N/A in bt,55.44%,5.41%,37,0.03,879.28,-1634.12,C:\Users\Rakesh jha\Vipul\EnsembleTA\results\ensemble_strategy_TCS.NS_1d_top7_shifts0.html
TCS.NS,1d,7,[1],-14.66%,-27.65%,N/A in bt,-1.68,N/A in bt,N/A in bt,21.63%,25.00%,12,0.50,2365.96,-1762.57,C:\Users\Rakesh jha\Vipul\EnsembleTA\results\ensemble_strategy_TCS.NS_1d_top7_shifts1.html
TCS.NS,1d,7,[2],-46.06%,-71.62%,N/A in bt,-7.26,N/A in bt,N/A in bt,46.12%,8.57%,35,0.10,1710.52,-1636.82,C:\Users\Rakesh jha\Vipul\EnsembleTA\results\ensemble_strategy_TCS.NS_1d_top7_shifts2.html
TCS.NS,1d,7,"[0, 1]",-55.44%,-80.78%,N/A in bt,-10.34,N/A in bt,N/A in bt,55.44%,5.41%,37,0.03,879.28,-1634.12,C:\Users\Rakesh jha\Vipul\EnsembleTA\results\ensemble_strategy_TCS.NS_1d_top7_shifts0_1.html
TCS.NS,1d,7,"[0, 1, 2]",-55.44%,-80.78%,N/A in bt,-10.34,N/A in bt,N/A in bt,55.44%,5.41%,37,0.03,879.28,-1634.12,C:\Users\Rakesh jha\Vipul\EnsembleTA\results\ensemble_strategy_TCS.NS_1d_top7_shifts0_1_2.html
TCS.NS,1wk,3,[0],-38.24%,-63.42%,N/A in bt,-17.97,N/A in bt,N/A in bt,38.24%,0.00%,9,0.00,0.00,-4248.44,C:\Users\Rakesh jha\Vipul\EnsembleTA\results\ensemble_strategy_TCS.NS_1wk_top3_shifts0.html
TCS.NS,1wk,3,[1],-10.97%,-21.53%,N/A in bt,-2.68,N/A in bt,N/A in bt,16.25%,14.29%,7,0.34,5226.42,-3092.22,C:\Users\Rakesh jha\Vipul\EnsembleTA\results\ensemble_strategy_TCS.NS_1wk_top3_shifts1.html
TCS.NS,1wk,3,[2],-14.05%,-27.10%,N/A in bt,-4.33,N/A in bt,N/A in bt,15.31%,0.00%,6,0.00,0.00,-2669.04,C:\Users\Rakesh jha\Vipul\EnsembleTA\results\ensemble_strategy_TCS.NS_1wk_top3_shifts2.html
TCS.NS,1wk,3,"[0, 1]",-38.24%,-63.42%,N/A in bt,-17.97,N/A in bt,N/A in bt,38.24%,0.00%,9,0.00,0.00,-4248.44,C:\Users\Rakesh jha\Vipul\EnsembleTA\results\ensemble_strategy_TCS.NS_1wk_top3_shifts0_1.html
TCS.NS,1wk,3,"[0, 1, 2]",-38.24%,-63.42%,N/A in bt,-17.97,N/A in bt,N/A in bt,38.24%,0.00%,9,0.00,0.00,-4248.44,C:\Users\Rakesh jha\Vipul\EnsembleTA\results\ensemble_strategy_TCS.NS_1wk_top3_shifts0_1_2.html
TCS.NS,1wk,5,[0],-37.19%,-62.11%,N/A in bt,-17.06,N/A in bt,N/A in bt,37.19%,0.00%,8,0.00,0.00,-4648.60,C:\Users\Rakesh jha\Vipul\EnsembleTA\results\ensemble_strategy_TCS.NS_1wk_top5_shifts0.html
TCS.NS,1wk,5,[1],-29.45%,-51.72%,N/A in bt,-10.74,N/A in bt,N/A in bt,30.01%,0.00%,9,0.00,0.00,-3559.59,C:\Users\Rakesh jha\Vipul\EnsembleTA\results\ensemble_strategy_TCS.NS_1wk_top5_shifts1.html
TCS.NS,1wk,5,[2],-14.53%,-27.94%,N/A in bt,-4.41,N/A in bt,N/A in bt,16.24%,0.00%,6,0.00,0.00,-2669.04,C:\Users\Rakesh jha\Vipul\EnsembleTA\results\ensemble_strategy_TCS.NS_1wk_top5_shifts2.html
TCS.NS,1wk,5,"[0, 1]",-37.19%,-62.11%,N/A in bt,-17.06,N/A in bt,N/A in bt,37.19%,0.00%,8,0.00,0.00,-4648.60,C:\Users\Rakesh jha\Vipul\EnsembleTA\results\ensemble_strategy_TCS.NS_1wk_top5_shifts0_1.html
TCS.NS,1wk,5,"[0, 1, 2]",-33.74%,-57.65%,N/A in bt,-16.22,N/A in bt,N/A in bt,33.74%,0.00%,7,0.00,0.00,-4820.60,C:\Users\Rakesh jha\Vipul\EnsembleTA\results\ensemble_strategy_TCS.NS_1wk_top5_shifts0_1_2.html
TCS.NS,1wk,7,[0],-36.66%,-61.44%,N/A in bt,-16.64,N/A in bt,N/A in bt,36.66%,0.00%,8,0.00,0.00,-4904.83,C:\Users\Rakesh jha\Vipul\EnsembleTA\results\ensemble_strategy_TCS.NS_1wk_top7_shifts0.html
TCS.NS,1wk,7,[1],-35.23%,-59.60%,N/A in bt,-12.55,N/A in bt,N/A in bt,35.23%,0.00%,8,0.00,0.00,-4403.13,C:\Users\Rakesh jha\Vipul\EnsembleTA\results\ensemble_strategy_TCS.NS_1wk_top7_shifts1.html
TCS.NS,1wk,7,[2],-16.26%,-30.95%,N/A in bt,-4.94,N/A in bt,N/A in bt,17.39%,0.00%,7,0.00,0.00,-2517.01,C:\Users\Rakesh jha\Vipul\EnsembleTA\results\ensemble_strategy_TCS.NS_1wk_top7_shifts2.html
TCS.NS,1wk,7,"[0, 1]",-37.19%,-62.11%,N/A in bt,-17.06,N/A in bt,N/A in bt,37.19%,0.00%,8,0.00,0.00,-4648.60,C:\Users\Rakesh jha\Vipul\EnsembleTA\results\ensemble_strategy_TCS.NS_1wk_top7_shifts0_1.html
TCS.NS,1wk,7,"[0, 1, 2]",-33.74%,-57.65%,N/A in bt,-16.22,N/A in bt,N/A in bt,33.74%,0.00%,7,0.00,0.00,-4820.60,C:\Users\Rakesh jha\Vipul\EnsembleTA\results\ensemble_strategy_TCS.NS_1wk_top7_shifts0_1_2.html
TCS.NS,1mo,3,[0],-19.39%,-40.23%,N/A in bt,-22.27,N/A in bt,N/A in bt,19.39%,0.00%,2,0.00,0.00,-9696.04,C:\Users\Rakesh jha\Vipul\EnsembleTA\results\ensemble_strategy_TCS.NS_1mo_top3_shifts0.html
TCS.NS,1mo,3,[1],-13.36%,-28.98%,N/A in bt,-11.19,N/A in bt,N/A in bt,13.36%,0.00%,2,0.00,0.00,-5181.87,C:\Users\Rakesh jha\Vipul\EnsembleTA\results\ensemble_strategy_TCS.NS_1mo_top3_shifts1.html
TCS.NS,1mo,3,[2],-13.36%,-28.98%,N/A in bt,-11.19,N/A in bt,N/A in bt,13.36%,0.00%,2,0.00,0.00,-5181.87,C:\Users\Rakesh jha\Vipul\EnsembleTA\results\ensemble_strategy_TCS.NS_1mo_top3_shifts2.html
TCS.NS,1mo,3,"[0, 1]",-13.36%,-28.98%,N/A in bt,-11.19,N/A in bt,N/A in bt,13.36%,0.00%,2,0.00,0.00,-5181.87,C:\Users\Rakesh jha\Vipul\EnsembleTA\results\ensemble_strategy_TCS.NS_1mo_top3_shifts0_1.html
TCS.NS,1mo,3,"[0, 1, 2]",-13.36%,-28.98%,N/A in bt,-11.19,N/A in bt,N/A in bt,13.36%,0.00%,2,0.00,0.00,-5181.86,C:\Users\Rakesh jha\Vipul\EnsembleTA\results\ensemble_strategy_TCS.NS_1mo_top3_shifts0_1_2.html
TCS.NS,1mo,5,[0],-19.39%,-40.23%,N/A in bt,-22.27,N/A in bt,N/A in bt,19.39%,0.00%,2,0.00,0.00,-9696.05,C:\Users\Rakesh jha\Vipul\EnsembleTA\results\ensemble_strategy_TCS.NS_1mo_top5_shifts0.html
TCS.NS,1mo,5,[1],-13.36%,-28.98%,N/A in bt,-11.19,N/A in bt,N/A in bt,13.36%,0.00%,2,0.00,0.00,-5181.87,C:\Users\Rakesh jha\Vipul\EnsembleTA\results\ensemble_strategy_TCS.NS_1mo_top5_shifts1.html
TCS.NS,1mo,5,[2],-13.36%,-28.98%,N/A in bt,-11.19,N/A in bt,N/A in bt,13.36%,0.00%,2,0.00,0.00,-5181.87,C:\Users\Rakesh jha\Vipul\EnsembleTA\results\ensemble_strategy_TCS.NS_1mo_top5_shifts2.html
TCS.NS,1mo,5,"[0, 1]",-13.36%,-28.98%,N/A in bt,-11.19,N/A in bt,N/A in bt,13.36%,0.00%,2,0.00,0.00,-5181.88,C:\Users\Rakesh jha\Vipul\EnsembleTA\results\ensemble_strategy_TCS.NS_1mo_top5_shifts0_1.html
TCS.NS,1mo,5,"[0, 1, 2]",-13.36%,-28.98%,N/A in bt,-11.19,N/A in bt,N/A in bt,13.36%,0.00%,2,0.00,0.00,-5181.88,C:\Users\Rakesh jha\Vipul\EnsembleTA\results\ensemble_strategy_TCS.NS_1mo_top5_shifts0_1_2.html
TCS.NS,1mo,7,[0],-19.39%,-40.23%,N/A in bt,-22.27,N/A in bt,N/A in bt,19.39%,0.00%,2,0.00,0.00,-9696.04,C:\Users\Rakesh jha\Vipul\EnsembleTA\results\ensemble_strategy_TCS.NS_1mo_top7_shifts0.html
TCS.NS,1mo,7,[1],-13.36%,-28.98%,N/A in bt,-11.19,N/A in bt,N/A in bt,13.36%,0.00%,2,0.00,0.00,-5181.87,C:\Users\Rakesh jha\Vipul\EnsembleTA\results\ensemble_strategy_TCS.NS_1mo_top7_shifts1.html
TCS.NS,1mo,7,[2],-13.36%,-28.98%,N/A in bt,-11.19,N/A in bt,N/A in bt,13.36%,0.00%,2,0.00,0.00,-5181.85,C:\Users\Rakesh jha\Vipul\EnsembleTA\results\ensemble_strategy_TCS.NS_1mo_top7_shifts2.html
TCS.NS,1mo,7,"[0, 1]",0.00%,0.00%,N/A in bt,0.00,N/A in bt,N/A in bt,0.00%,0.00%,0,inf,0.00,0.00,C:\Users\Rakesh jha\Vipul\EnsembleTA\results\ensemble_strategy_TCS.NS_1mo_top7_shifts0_1.html
TCS.NS,1mo,7,"[0, 1, 2]",-13.36%,-28.98%,N/A in bt,-11.19,N/A in bt,N/A in bt,13.36%,0.00%,2,0.00,0.00,-5181.87,C:\Users\Rakesh jha\Vipul\EnsembleTA\results\ensemble_strategy_TCS.NS_1mo_top7_shifts0_1_2.html
GC=F,1d,3,[0],-17.37%,-32.25%,N/A in bt,-3.47,N/A in bt,N/A in bt,19.34%,24.00%,25,0.29,1252.76,-1417.40,C:\Users\Rakesh jha\Vipul\EnsembleTA\results\ensemble_strategy_GC=F_1d_top3_shifts0.html
GC=F,1d,3,[1],-27.01%,-47.41%,N/A in bt,-5.85,N/A in bt,N/A in bt,27.69%,18.52%,27,0.05,291.23,-1341.63,C:\Users\Rakesh jha\Vipul\EnsembleTA\results\ensemble_strategy_GC=F_1d_top3_shifts1.html
GC=F,1d,3,[2],-24.66%,-43.89%,N/A in bt,-5.35,N/A in bt,N/A in bt,24.86%,5.56%,18,0.01,265.87,-1466.36,C:\Users\Rakesh jha\Vipul\EnsembleTA\results\ensemble_strategy_GC=F_1d_top3_shifts2.html
GC=F,1d,3,"[0, 1]",-17.37%,-32.25%,N/A in bt,-3.47,N/A in bt,N/A in bt,19.34%,24.00%,25,0.29,1252.76,-1417.40,C:\Users\Rakesh jha\Vipul\EnsembleTA\results\ensemble_strategy_GC=F_1d_top3_shifts0_1.html
GC=F,1d,3,"[0, 1, 2]",-17.37%,-32.25%,N/A in bt,-3.47,N/A in bt,N/A in bt,19.34%,24.00%,25,0.29,1252.76,-1417.40,C:\Users\Rakesh jha\Vipul\EnsembleTA\results\ensemble_strategy_GC=F_1d_top3_shifts0_1_2.html
GC=F,1d,5,[0],-19.59%,-35.92%,N/A in bt,-4.24,N/A in bt,N/A in bt,21.42%,21.88%,32,0.32,1291.70,-1145.47,C:\Users\Rakesh jha\Vipul\EnsembleTA\results\ensemble_strategy_GC=F_1d_top5_shifts0.html
GC=F,1d,5,[1],-28.00%,-48.84%,N/A in bt,-6.25,N/A in bt,N/A in bt,29.11%,20.00%,25,0.08,475.49,-1518.78,C:\Users\Rakesh jha\Vipul\EnsembleTA\results\ensemble_strategy_GC=F_1d_top5_shifts1.html
GC=F,1d,5,[2],-25.05%,-44.48%,N/A in bt,-5.38,N/A in bt,N/A in bt,25.46%,15.00%,20,0.05,485.31,-1661.19,C:\Users\Rakesh jha\Vipul\EnsembleTA\results\ensemble_strategy_GC=F_1d_top5_shifts2.html
GC=F,1d,5,"[0, 1]",-19.59%,-35.92%,N/A in bt,-4.24,N/A in bt,N/A in bt,21.42%,21.88%,32,0.32,1291.70,-1145.47,C:\Users\Rakesh jha\Vipul\EnsembleTA\results\ensemble_strategy_GC=F_1d_top5_shifts0_1.html
GC=F,1d,5,"[0, 1, 2]",-19.59%,-35.92%,N/A in bt,-4.24,N/A in bt,N/A in bt,21.42%,21.88%,32,0.32,1291.70,-1145.47,C:\Users\Rakesh jha\Vipul\EnsembleTA\results\ensemble_strategy_GC=F_1d_top5_shifts0_1_2.html
GC=F,1d,7,[0],-19.93%,-36.47%,N/A in bt,-4.08,N/A in bt,N/A in bt,21.75%,20.00%,30,0.28,1321.62,-1160.93,C:\Users\Rakesh jha\Vipul\EnsembleTA\results\ensemble_strategy_GC=F_1d_top7_shifts0.html
GC=F,1d,7,[1],-16.64%,-31.02%,N/A in bt,-3.28,N/A in bt,N/A in bt,20.67%,25.00%,16,0.14,709.93,-1834.81,C:\Users\Rakesh jha\Vipul\EnsembleTA\results\ensemble_strategy_GC=F_1d_top7_shifts1.html
GC=F,1d,7,[2],-19.44%,-35.67%,N/A in bt,-4.11,N/A in bt,N/A in bt,20.21%,18.18%,22,0.13,676.99,-1223.97,C:\Users\Rakesh jha\Vipul\EnsembleTA\results\ensemble_strategy_GC=F_1d_top7_shifts2.html
GC=F,1d,7,"[0, 1]",-19.93%,-36.47%,N/A in bt,-4.08,N/A in bt,N/A in bt,21.75%,20.00%,30,0.28,1321.62,-1160.93,C:\Users\Rakesh jha\Vipul\EnsembleTA\results\ensemble_strategy_GC=F_1d_top7_shifts0_1.html
GC=F,1d,7,"[0, 1, 2]",-19.93%,-36.47%,N/A in bt,-4.08,N/A in bt,N/A in bt,21.75%,20.00%,30,0.28,1321.62,-1160.93,C:\Users\Rakesh jha\Vipul\EnsembleTA\results\ensemble_strategy_GC=F_1d_top7_shifts0_1_2.html
GC=F,1wk,3,[0],0.00%,0.00%,N/A in bt,0.00,N/A in bt,N/A in bt,0.00%,0.00%,0,inf,0.00,0.00,C:\Users\Rakesh jha\Vipul\EnsembleTA\results\ensemble_strategy_GC=F_1wk_top3_shifts0.html
GC=F,1wk,3,[1],0.00%,0.00%,N/A in bt,0.00,N/A in bt,N/A in bt,0.00%,0.00%,0,inf,0.00,0.00,C:\Users\Rakesh jha\Vipul\EnsembleTA\results\ensemble_strategy_GC=F_1wk_top3_shifts1.html
GC=F,1wk,3,[2],0.00%,0.00%,N/A in bt,0.00,N/A in bt,N/A in bt,0.00%,0.00%,0,inf,0.00,0.00,C:\Users\Rakesh jha\Vipul\EnsembleTA\results\ensemble_strategy_GC=F_1wk_top3_shifts2.html
GC=F,1wk,3,"[0, 1]",0.00%,0.00%,N/A in bt,0.00,N/A in bt,N/A in bt,0.00%,0.00%,0,inf,0.00,0.00,C:\Users\Rakesh jha\Vipul\EnsembleTA\results\ensemble_strategy_GC=F_1wk_top3_shifts0_1.html
GC=F,1wk,3,"[0, 1, 2]",0.00%,0.00%,N/A in bt,0.00,N/A in bt,N/A in bt,0.00%,0.00%,0,inf,0.00,0.00,C:\Users\Rakesh jha\Vipul\EnsembleTA\results\ensemble_strategy_GC=F_1wk_top3_shifts0_1_2.html
GC=F,1wk,5,[0],0.00%,0.00%,N/A in bt,0.00,N/A in bt,N/A in bt,0.00%,0.00%,0,inf,0.00,0.00,C:\Users\Rakesh jha\Vipul\EnsembleTA\results\ensemble_strategy_GC=F_1wk_top5_shifts0.html
GC=F,1wk,5,[1],0.00%,0.00%,N/A in bt,0.00,N/A in bt,N/A in bt,0.00%,0.00%,0,inf,0.00,0.00,C:\Users\Rakesh jha\Vipul\EnsembleTA\results\ensemble_strategy_GC=F_1wk_top5_shifts1.html
GC=F,1wk,5,[2],0.00%,0.00%,N/A in bt,0.00,N/A in bt,N/A in bt,0.00%,0.00%,0,inf,0.00,0.00,C:\Users\Rakesh jha\Vipul\EnsembleTA\results\ensemble_strategy_GC=F_1wk_top5_shifts2.html
GC=F,1wk,5,"[0, 1]",0.00%,0.00%,N/A in bt,0.00,N/A in bt,N/A in bt,0.00%,0.00%,0,inf,0.00,0.00,C:\Users\Rakesh jha\Vipul\EnsembleTA\results\ensemble_strategy_GC=F_1wk_top5_shifts0_1.html
GC=F,1wk,5,"[0, 1, 2]",0.00%,0.00%,N/A in bt,0.00,N/A in bt,N/A in bt,0.00%,0.00%,0,inf,0.00,0.00,C:\Users\Rakesh jha\Vipul\EnsembleTA\results\ensemble_strategy_GC=F_1wk_top5_shifts0_1_2.html
GC=F,1wk,7,[0],0.00%,0.00%,N/A in bt,0.00,N/A in bt,N/A in bt,0.00%,0.00%,0,inf,0.00,0.00,C:\Users\Rakesh jha\Vipul\EnsembleTA\results\ensemble_strategy_GC=F_1wk_top7_shifts0.html
GC=F,1wk,7,[1],0.00%,0.00%,N/A in bt,0.00,N/A in bt,N/A in bt,0.00%,0.00%,0,inf,0.00,0.00,C:\Users\Rakesh jha\Vipul\EnsembleTA\results\ensemble_strategy_GC=F_1wk_top7_shifts1.html
GC=F,1wk,7,[2],0.00%,0.00%,N/A in bt,0.00,N/A in bt,N/A in bt,0.00%,0.00%,0,inf,0.00,0.00,C:\Users\Rakesh jha\Vipul\EnsembleTA\results\ensemble_strategy_GC=F_1wk_top7_shifts2.html
GC=F,1wk,7,"[0, 1]",0.00%,0.00%,N/A in bt,0.00,N/A in bt,N/A in bt,0.00%,0.00%,0,inf,0.00,0.00,C:\Users\Rakesh jha\Vipul\EnsembleTA\results\ensemble_strategy_GC=F_1wk_top7_shifts0_1.html
GC=F,1wk,7,"[0, 1, 2]",0.00%,0.00%,N/A in bt,0.00,N/A in bt,N/A in bt,0.00%,0.00%,0,inf,0.00,0.00,C:\Users\Rakesh jha\Vipul\EnsembleTA\results\ensemble_strategy_GC=F_1wk_top7_shifts0_1_2.html
GC=F,1mo,3,[0],-1.83%,-4.30%,N/A in bt,-1.82,N/A in bt,N/A in bt,5.93%,0.00%,1,0.00,0.00,-1825.12,C:\Users\Rakesh jha\Vipul\EnsembleTA\results\ensemble_strategy_GC=F_1mo_top3_shifts0.html
GC=F,1mo,3,[1],-14.24%,-30.70%,N/A in bt,-11.98,N/A in bt,N/A in bt,14.35%,0.00%,1,0.00,0.00,-14242.54,C:\Users\Rakesh jha\Vipul\EnsembleTA\results\ensemble_strategy_GC=F_1mo_top3_shifts1.html
GC=F,1mo,3,[2],-6.99%,-15.88%,N/A in bt,-10.19,N/A in bt,N/A in bt,6.99%,0.00%,1,inf,0.00,0.00,C:\Users\Rakesh jha\Vipul\EnsembleTA\results\ensemble_strategy_GC=F_1mo_top3_shifts2.html
GC=F,1mo,3,"[0, 1]",-1.83%,-4.30%,N/A in bt,-1.82,N/A in bt,N/A in bt,5.93%,0.00%,1,0.00,0.00,-1825.12,C:\Users\Rakesh jha\Vipul\EnsembleTA\results\ensemble_strategy_GC=F_1mo_top3_shifts0_1.html
GC=F,1mo,3,"[0, 1, 2]",-1.83%,-4.30%,N/A in bt,-1.82,N/A in bt,N/A in bt,5.93%,0.00%,1,0.00,0.00,-1825.12,C:\Users\Rakesh jha\Vipul\EnsembleTA\results\ensemble_strategy_GC=F_1mo_top3_shifts0_1_2.html
GC=F,1mo,5,[0],-1.83%,-4.30%,N/A in bt,-1.82,N/A in bt,N/A in bt,5.93%,0.00%,1,0.00,0.00,-1825.12,C:\Users\Rakesh jha\Vipul\EnsembleTA\results\ensemble_strategy_GC=F_1mo_top5_shifts0.html
GC=F,1mo,5,[1],-14.24%,-30.70%,N/A in bt,-11.98,N/A in bt,N/A in bt,14.35%,0.00%,1,0.00,0.00,-14242.54,C:\Users\Rakesh jha\Vipul\EnsembleTA\results\ensemble_strategy_GC=F_1mo_top5_shifts1.html
GC=F,1mo,5,[2],-6.99%,-15.88%,N/A in bt,-10.19,N/A in bt,N/A in bt,6.99%,0.00%,1,inf,0.00,0.00,C:\Users\Rakesh jha\Vipul\EnsembleTA\results\ensemble_strategy_GC=F_1mo_top5_shifts2.html
GC=F,1mo,5,"[0, 1]",-1.08%,-2.55%,N/A in bt,-0.90,N/A in bt,N/A in bt,5.25%,0.00%,1,0.00,0.00,-1076.10,C:\Users\Rakesh jha\Vipul\EnsembleTA\results\ensemble_strategy_GC=F_1mo_top5_shifts0_1.html
GC=F,1mo,5,"[0, 1, 2]",-10.69%,-23.66%,N/A in bt,-12.97,N/A in bt,N/A in bt,10.69%,0.00%,1,0.00,0.00,-10693.66,C:\Users\Rakesh jha\Vipul\EnsembleTA\results\ensemble_strategy_GC=F_1mo_top5_shifts0_1_2.html
GC=F,1mo,7,[0],-1.83%,-4.30%,N/A in bt,-1.82,N/A in bt,N/A in bt,5.93%,0.00%,1,0.00,0.00,-1825.12,C:\Users\Rakesh jha\Vipul\EnsembleTA\results\ensemble_strategy_GC=F_1mo_top7_shifts0.html
GC=F,1mo,7,[1],-14.24%,-30.70%,N/A in bt,-11.98,N/A in bt,N/A in bt,14.35%,0.00%,1,0.00,0.00,-14242.54,C:\Users\Rakesh jha\Vipul\EnsembleTA\results\ensemble_strategy_GC=F_1mo_top7_shifts1.html
GC=F,1mo,7,[2],-6.99%,-15.88%,N/A in bt,-10.19,N/A in bt,N/A in bt,6.99%,0.00%,1,inf,0.00,0.00,C:\Users\Rakesh jha\Vipul\EnsembleTA\results\ensemble_strategy_GC=F_1mo_top7_shifts2.html
GC=F,1mo,7,"[0, 1]",-10.69%,-23.66%,N/A in bt,-12.97,N/A in bt,N/A in bt,10.69%,0.00%,1,0.00,0.00,-10693.66,C:\Users\Rakesh jha\Vipul\EnsembleTA\results\ensemble_strategy_GC=F_1mo_top7_shifts0_1.html
GC=F,1mo,7,"[0, 1, 2]",-10.69%,-23.66%,N/A in bt,-12.97,N/A in bt,N/A in bt,10.69%,0.00%,1,0.00,0.00,-10693.66,C:\Users\Rakesh jha\Vipul\EnsembleTA\results\ensemble_strategy_GC=F_1mo_top7_shifts0_1_2.html
SI=F,1d,3,[0],-21.23%,-38.55%,N/A in bt,-2.14,N/A in bt,N/A in bt,21.23%,29.63%,27,0.39,1696.87,-1831.80,C:\Users\Rakesh jha\Vipul\EnsembleTA\results\ensemble_strategy_SI=F_1d_top3_shifts0.html
SI=F,1d,3,[1],-35.14%,-58.66%,N/A in bt,-3.94,N/A in bt,N/A in bt,36.91%,25.00%,36,0.24,1235.77,-1713.31,C:\Users\Rakesh jha\Vipul\EnsembleTA\results\ensemble_strategy_SI=F_1d_top3_shifts1.html
SI=F,1d,3,[2],-9.64%,-18.69%,N/A in bt,-0.85,N/A in bt,N/A in bt,22.69%,56.25%,16,0.69,2133.04,-4658.96,C:\Users\Rakesh jha\Vipul\EnsembleTA\results\ensemble_strategy_SI=F_1d_top3_shifts2.html
SI=F,1d,3,"[0, 1]",-21.23%,-38.55%,N/A in bt,-2.14,N/A in bt,N/A in bt,21.23%,29.63%,27,0.39,1696.87,-1831.80,C:\Users\Rakesh jha\Vipul\EnsembleTA\results\ensemble_strategy_SI=F_1d_top3_shifts0_1.html
SI=F,1d,3,"[0, 1, 2]",-21.23%,-38.55%,N/A in bt,-2.14,N/A in bt,N/A in bt,21.23%,29.63%,27,0.39,1696.87,-1831.80,C:\Users\Rakesh jha\Vipul\EnsembleTA\results\ensemble_strategy_SI=F_1d_top3_shifts0_1_2.html
SI=F,1d,5,[0],-38.27%,-62.63%,N/A in bt,-4.56,N/A in bt,N/A in bt,38.27%,10.34%,29,0.10,1469.75,-1641.33,C:\Users\Rakesh jha\Vipul\EnsembleTA\results\ensemble_strategy_SI=F_1d_top5_shifts0.html
SI=F,1d,5,[1],-26.23%,-46.25%,N/A in bt,-2.63,N/A in bt,N/A in bt,28.95%,26.67%,30,0.36,1808.95,-1850.25,C:\Users\Rakesh jha\Vipul\EnsembleTA\results\ensemble_strategy_SI=F_1d_top5_shifts1.html
SI=F,1d,5,[2],-12.94%,-24.62%,N/A in bt,-1.18,N/A in bt,N/A in bt,24.39%,45.83%,24,0.68,2296.36,-3111.98,C:\Users\Rakesh jha\Vipul\EnsembleTA\results\ensemble_strategy_SI=F_1d_top5_shifts2.html
SI=F,1d,5,"[0, 1]",-38.27%,-62.63%,N/A in bt,-4.56,N/A in bt,N/A in bt,38.27%,10.34%,29,0.10,1469.75,-1641.33,C:\Users\Rakesh jha\Vipul\EnsembleTA\results\ensemble_strategy_SI=F_1d_top5_shifts0_1.html
SI=F,1d,5,"[0, 1, 2]",-38.27%,-62.63%,N/A in bt,-4.56,N/A in bt,N/A in bt,38.27%,10.34%,29,0.10,1469.75,-1641.33,C:\Users\Rakesh jha\Vipul\EnsembleTA\results\ensemble_strategy_SI=F_1d_top5_shifts0_1_2.html
SI=F,1d,7,[0],-31.54%,-53.84%,N/A in bt,-3.49,N/A in bt,N/A in bt,31.54%,17.39%,23,0.12,1098.09,-1891.13,C:\Users\Rakesh jha\Vipul\EnsembleTA\results\ensemble_strategy_SI=F_1d_top7_shifts0.html
SI=F,1d,7,[1],-32.74%,-55.48%,N/A in bt,-3.46,N/A in bt,N/A in bt,33.98%,18.52%,27,0.22,1851.37,-1992.53,C:\Users\Rakesh jha\Vipul\EnsembleTA\results\ensemble_strategy_SI=F_1d_top7_shifts1.html
SI=F,1d,7,[2],-25.65%,-45.38%,N/A in bt,-2.51,N/A in bt,N/A in bt,30.20%,36.84%,19,0.46,2927.12,-4037.82,C:\Users\Rakesh jha\Vipul\EnsembleTA\results\ensemble_strategy_SI=F_1d_top7_shifts2.html
SI=F,1d,7,"[0, 1]",-31.54%,-53.84%,N/A in bt,-3.49,N/A in bt,N/A in bt,31.54%,17.39%,23,0.12,1098.09,-1891.13,C:\Users\Rakesh jha\Vipul\EnsembleTA\results\ensemble_strategy_SI=F_1d_top7_shifts0_1.html
SI=F,1d,7,"[0, 1, 2]",-31.54%,-53.84%,N/A in bt,-3.49,N/A in bt,N/A in bt,31.54%,17.39%,23,0.12,1098.09,-1891.13,C:\Users\Rakesh jha\Vipul\EnsembleTA\results\ensemble_strategy_SI=F_1d_top7_shifts0_1_2.html
SI=F,1wk,3,[0],0.00%,0.00%,N/A in bt,0.00,N/A in bt,N/A in bt,0.00%,0.00%,0,inf,0.00,0.00,C:\Users\Rakesh jha\Vipul\EnsembleTA\results\ensemble_strategy_SI=F_1wk_top3_shifts0.html
SI=F,1wk,3,[1],0.00%,0.00%,N/A in bt,0.00,N/A in bt,N/A in bt,0.00%,0.00%,0,inf,0.00,0.00,C:\Users\Rakesh jha\Vipul\EnsembleTA\results\ensemble_strategy_SI=F_1wk_top3_shifts1.html
SI=F,1wk,3,[2],0.00%,0.00%,N/A in bt,0.00,N/A in bt,N/A in bt,0.00%,0.00%,0,inf,0.00,0.00,C:\Users\Rakesh jha\Vipul\EnsembleTA\results\ensemble_strategy_SI=F_1wk_top3_shifts2.html
SI=F,1wk,3,"[0, 1]",0.00%,0.00%,N/A in bt,0.00,N/A in bt,N/A in bt,0.00%,0.00%,0,inf,0.00,0.00,C:\Users\Rakesh jha\Vipul\EnsembleTA\results\ensemble_strategy_SI=F_1wk_top3_shifts0_1.html
SI=F,1wk,3,"[0, 1, 2]",0.00%,0.00%,N/A in bt,0.00,N/A in bt,N/A in bt,0.00%,0.00%,0,inf,0.00,0.00,C:\Users\Rakesh jha\Vipul\EnsembleTA\results\ensemble_strategy_SI=F_1wk_top3_shifts0_1_2.html
SI=F,1wk,5,[0],0.00%,0.00%,N/A in bt,0.00,N/A in bt,N/A in bt,0.00%,0.00%,0,inf,0.00,0.00,C:\Users\Rakesh jha\Vipul\EnsembleTA\results\ensemble_strategy_SI=F_1wk_top5_shifts0.html
SI=F,1wk,5,[1],0.00%,0.00%,N/A in bt,0.00,N/A in bt,N/A in bt,0.00%,0.00%,0,inf,0.00,0.00,C:\Users\Rakesh jha\Vipul\EnsembleTA\results\ensemble_strategy_SI=F_1wk_top5_shifts1.html
SI=F,1wk,5,[2],0.00%,0.00%,N/A in bt,0.00,N/A in bt,N/A in bt,0.00%,0.00%,0,inf,0.00,0.00,C:\Users\Rakesh jha\Vipul\EnsembleTA\results\ensemble_strategy_SI=F_1wk_top5_shifts2.html
SI=F,1wk,5,"[0, 1]",0.00%,0.00%,N/A in bt,0.00,N/A in bt,N/A in bt,0.00%,0.00%,0,inf,0.00,0.00,C:\Users\Rakesh jha\Vipul\EnsembleTA\results\ensemble_strategy_SI=F_1wk_top5_shifts0_1.html
SI=F,1wk,5,"[0, 1, 2]",0.00%,0.00%,N/A in bt,0.00,N/A in bt,N/A in bt,0.00%,0.00%,0,inf,0.00,0.00,C:\Users\Rakesh jha\Vipul\EnsembleTA\results\ensemble_strategy_SI=F_1wk_top5_shifts0_1_2.html
SI=F,1wk,7,[0],0.00%,0.00%,N/A in bt,0.00,N/A in bt,N/A in bt,0.00%,0.00%,0,inf,0.00,0.00,C:\Users\Rakesh jha\Vipul\EnsembleTA\results\ensemble_strategy_SI=F_1wk_top7_shifts0.html
SI=F,1wk,7,[1],0.00%,0.00%,N/A in bt,0.00,N/A in bt,N/A in bt,0.00%,0.00%,0,inf,0.00,0.00,C:\Users\Rakesh jha\Vipul\EnsembleTA\results\ensemble_strategy_SI=F_1wk_top7_shifts1.html
SI=F,1wk,7,[2],0.00%,0.00%,N/A in bt,0.00,N/A in bt,N/A in bt,0.00%,0.00%,0,inf,0.00,0.00,C:\Users\Rakesh jha\Vipul\EnsembleTA\results\ensemble_strategy_SI=F_1wk_top7_shifts2.html
SI=F,1wk,7,"[0, 1]",0.00%,0.00%,N/A in bt,0.00,N/A in bt,N/A in bt,0.00%,0.00%,0,inf,0.00,0.00,C:\Users\Rakesh jha\Vipul\EnsembleTA\results\ensemble_strategy_SI=F_1wk_top7_shifts0_1.html
SI=F,1wk,7,"[0, 1, 2]",0.00%,0.00%,N/A in bt,0.00,N/A in bt,N/A in bt,0.00%,0.00%,0,inf,0.00,0.00,C:\Users\Rakesh jha\Vipul\EnsembleTA\results\ensemble_strategy_SI=F_1wk_top7_shifts0_1_2.html
SI=F,1mo,3,[0],-12.21%,-26.72%,N/A in bt,-11.81,N/A in bt,N/A in bt,12.21%,0.00%,1,0.00,0.00,-12211.83,C:\Users\Rakesh jha\Vipul\EnsembleTA\results\ensemble_strategy_SI=F_1mo_top3_shifts0.html
SI=F,1mo,3,[1],-10.89%,-24.06%,N/A in bt,-6.39,N/A in bt,N/A in bt,14.34%,0.00%,1,0.00,0.00,-10887.24,C:\Users\Rakesh jha\Vipul\EnsembleTA\results\ensemble_strategy_SI=F_1mo_top3_shifts1.html
SI=F,1mo,3,[2],-8.22%,-18.52%,N/A in bt,-3.17,N/A in bt,N/A in bt,14.57%,0.00%,1,inf,0.00,0.00,C:\Users\Rakesh jha\Vipul\EnsembleTA\results\ensemble_strategy_SI=F_1mo_top3_shifts2.html
SI=F,1mo,3,"[0, 1]",-17.51%,-36.84%,N/A in bt,-10.15,N/A in bt,N/A in bt,17.51%,0.00%,1,0.00,0.00,-17509.83,C:\Users\Rakesh jha\Vipul\EnsembleTA\results\ensemble_strategy_SI=F_1mo_top3_shifts0_1.html
SI=F,1mo,3,"[0, 1, 2]",-17.51%,-36.84%,N/A in bt,-10.15,N/A in bt,N/A in bt,17.51%,0.00%,1,0.00,0.00,-17509.83,C:\Users\Rakesh jha\Vipul\EnsembleTA\results\ensemble_strategy_SI=F_1mo_top3_shifts0_1_2.html
SI=F,1mo,5,[0],-12.21%,-26.72%,N/A in bt,-11.81,N/A in bt,N/A in bt,12.21%,0.00%,1,0.00,0.00,-12211.83,C:\Users\Rakesh jha\Vipul\EnsembleTA\results\ensemble_strategy_SI=F_1mo_top5_shifts0.html
SI=F,1mo,5,[1],-10.89%,-24.06%,N/A in bt,-6.39,N/A in bt,N/A in bt,14.34%,0.00%,1,0.00,0.00,-10887.24,C:\Users\Rakesh jha\Vipul\EnsembleTA\results\ensemble_strategy_SI=F_1mo_top5_shifts1.html
SI=F,1mo,5,[2],-8.22%,-18.52%,N/A in bt,-3.17,N/A in bt,N/A in bt,14.57%,0.00%,1,inf,0.00,0.00,C:\Users\Rakesh jha\Vipul\EnsembleTA\results\ensemble_strategy_SI=F_1mo_top5_shifts2.html
SI=F,1mo,5,"[0, 1]",-10.89%,-24.06%,N/A in bt,-6.39,N/A in bt,N/A in bt,14.34%,0.00%,1,0.00,0.00,-10887.24,C:\Users\Rakesh jha\Vipul\EnsembleTA\results\ensemble_strategy_SI=F_1mo_top5_shifts0_1.html
SI=F,1mo,5,"[0, 1, 2]",-10.89%,-24.06%,N/A in bt,-6.39,N/A in bt,N/A in bt,14.34%,0.00%,1,0.00,0.00,-10887.24,C:\Users\Rakesh jha\Vipul\EnsembleTA\results\ensemble_strategy_SI=F_1mo_top5_shifts0_1_2.html
SI=F,1mo,7,[0],-12.21%,-26.72%,N/A in bt,-11.81,N/A in bt,N/A in bt,12.21%,0.00%,1,0.00,0.00,-12211.83,C:\Users\Rakesh jha\Vipul\EnsembleTA\results\ensemble_strategy_SI=F_1mo_top7_shifts0.html
SI=F,1mo,7,[1],-10.89%,-24.06%,N/A in bt,-6.39,N/A in bt,N/A in bt,14.34%,0.00%,1,0.00,0.00,-10887.24,C:\Users\Rakesh jha\Vipul\EnsembleTA\results\ensemble_strategy_SI=F_1mo_top7_shifts1.html
SI=F,1mo,7,[2],-8.22%,-18.52%,N/A in bt,-3.17,N/A in bt,N/A in bt,14.57%,0.00%,1,inf,0.00,0.00,C:\Users\Rakesh jha\Vipul\EnsembleTA\results\ensemble_strategy_SI=F_1mo_top7_shifts2.html
SI=F,1mo,7,"[0, 1]",-10.89%,-24.06%,N/A in bt,-6.39,N/A in bt,N/A in bt,14.34%,0.00%,1,0.00,0.00,-10887.24,C:\Users\Rakesh jha\Vipul\EnsembleTA\results\ensemble_strategy_SI=F_1mo_top7_shifts0_1.html
SI=F,1mo,7,"[0, 1, 2]",-17.51%,-36.84%,N/A in bt,-10.15,N/A in bt,N/A in bt,17.51%,0.00%,1,0.00,0.00,-17509.83,C:\Users\Rakesh jha\Vipul\EnsembleTA\results\ensemble_strategy_SI=F_1mo_top7_shifts0_1_2.html
